tazobactam,fraction #,ODf,ff,fi,replicate,dilution,ampicillin
0.0,0,0.913229801909,,-0.000121274661233,0,100.0,2.0
0.0,1,1.735171562,0.0372675825435,0.0580629825486,0,100.0,2.0
0.0,2,1.66973608243,0.0631215497881,0.115312456098,0,100.0,2.0
0.0,3,1.51417298424,0.117450879258,0.198413361225,0,100.0,2.0
0.0,4,1.66973608243,0.15330190802,0.264396162462,0,100.0,2.0
0.0,5,1.63900692673,0.203588784485,0.3370479041,0,100.0,2.0
0.0,6,1.63666335953,0.262646488699,0.418670161771,0,100.0,2.0
0.0,7,1.46214067388,0.354219900571,0.498534234666,0,100.0,2.0
0.0,8,1.69854399582,0.440683521947,0.612826031436,0,100.0,2.0
0.0,9,1.55863521728,0.589947000862,0.726062333201,0,100.0,2.0
0.0,10,1.60414981218,0.723355806574,0.825805326019,0,100.0,2.0
0.0,11,1.42821849175,0.985519774191,0.990643791637,0,100.0,2.0
24.1,0,1.10941193026,,-0.000121274661233,0,100.0,2.0
24.1,1,1.44510478735,0.0727419990478,0.0580629825486,0,100.0,2.0
24.1,2,1.43032118762,0.073704999807,0.115312456098,0,100.0,2.0
24.1,3,1.54295623423,0.122026585287,0.198413361225,0,100.0,2.0
24.1,4,1.46856824125,0.160035425816,0.264396162462,0,100.0,2.0
24.1,5,1.43032118762,0.212029083665,0.3370479041,0,100.0,2.0
24.1,6,1.54518827769,0.275461278028,0.418670161771,0,100.0,2.0
24.1,7,1.43032118762,0.369917446442,0.498534234666,0,100.0,2.0
24.1,8,1.39695086668,0.449125452031,0.612826031436,0,100.0,2.0
24.1,9,1.36008866335,0.591372822273,0.726062333201,0,100.0,2.0
24.1,10,1.70824333743,0.760879675624,0.825805326019,0,100.0,2.0
24.1,11,1.51637184987,0.992532556009,0.990643791637,0,100.0,2.0
41.0,0,1.13630662041,,-0.000121274661233,0,100.0,2.0
41.0,1,1.39901963266,0.366516890301,0.0580629825486,0,100.0,2.0
41.0,2,1.85467520616,0.155883384673,0.115312456098,0,100.0,2.0
41.0,3,1.39695086668,0.132714413157,0.198413361225,0,100.0,2.0
41.0,4,1.69130145914,0.168512116928,0.264396162462,0,100.0,2.0
41.0,5,1.43875503769,0.21855452841,0.3370479041,0,100.0,2.0
41.0,6,1.37434012317,0.277443291438,0.418670161771,0,100.0,2.0
41.0,7,1.50978278127,0.366522469644,0.498534234666,0,100.0,2.0
41.0,8,1.98209998497,0.454807378871,0.612826031436,0,100.0,2.0
41.0,9,1.60414981218,0.58449525805,0.726062333201,0,100.0,2.0
41.0,10,1.45360386629,0.752039609652,0.825805326019,0,100.0,2.0
41.0,11,2.11256209975,0.990581450896,0.990643791637,0,100.0,2.0
69.8,0,0.860890478478,,-0.000121274661233,0,100.0,2.0
69.8,1,1.22687963351,,0.0580629825486,0,100.0,2.0
69.8,2,2.08575201405,0.488775423112,0.115312456098,0,100.0,2.0
69.8,3,1.56313850674,0.268067800144,0.198413361225,0,100.0,2.0
69.8,4,1.66260103167,0.242153093724,0.264396162462,0,100.0,2.0
69.8,5,1.54742291481,0.249378919505,0.3370479041,0,100.0,2.0
69.8,6,1.69612678497,0.290432739735,0.418670161771,0,100.0,2.0
69.8,7,1.52740404993,0.363605398977,0.498534234666,0,100.0,2.0
69.8,8,1.62731754675,0.456481144558,0.612826031436,0,100.0,2.0
69.8,9,1.52298357234,0.589881717683,0.726062333201,0,100.0,2.0
69.8,10,1.58581450644,0.747461880744,0.825805326019,0,100.0,2.0
69.8,11,1.66973608243,0.989192289952,0.990643791637,0,100.0,2.0
118.6,0,0.906809250198,,-0.000121274661233,0,100.0,2.0
118.6,1,1.27672905039,,0.0580629825486,0,100.0,2.0
118.6,2,1.44934963159,0.741497417581,0.115312456098,0,100.0,2.0
118.6,3,1.28256494951,0.599522914917,0.198413361225,0,100.0,2.0
118.6,4,1.39901963266,0.565650213388,0.264396162462,0,100.0,2.0
118.6,5,1.43875503769,0.429419875403,0.3370479041,0,100.0,2.0
118.6,6,1.2554810073,0.365086076252,0.418670161771,0,100.0,2.0
118.6,7,1.35199214098,0.398601343671,0.498534234666,0,100.0,2.0
118.6,8,1.39488432381,0.480763695423,0.612826031436,0,100.0,2.0
118.6,9,1.62498817306,0.615563618271,0.726062333201,0,100.0,2.0
118.6,10,1.63900692673,0.738135889659,0.825805326019,0,100.0,2.0
118.6,11,2.01888870096,0.992454201259,0.990643791637,0,100.0,2.0
201.6,0,0.990322159487,,-0.000121274661233,0,100.0,2.0
201.6,1,1.23256597906,0.863402317373,0.0580629825486,0,100.0,2.0
201.6,2,1.56539411218,0.890535365619,0.115312456098,0,100.0,2.0
201.6,3,1.64370264657,0.670451551181,0.198413361225,0,100.0,2.0
201.6,4,1.44722603825,,0.264396162462,0,100.0,2.0
201.6,5,1.32990088307,0.751175434072,0.3370479041,0,100.0,2.0
201.6,6,1.66973608243,0.611689295367,0.418670161771,0,100.0,2.0
201.6,7,1.52740404993,0.583156742304,0.498534234666,0,100.0,2.0
201.6,8,1.49667198842,0.635971946451,0.612826031436,0,100.0,2.0
201.6,9,1.66735478956,0.670440329836,0.726062333201,0,100.0,2.0
201.6,10,1.74505789123,0.766097283684,0.825805326019,0,100.0,2.0
201.6,11,1.79018631589,0.992563787998,0.990643791637,0,100.0,2.0
342.7,0,0.761786206021,,-0.000121274661233,0,100.0,2.0
342.7,1,1.53183471206,0.965889761674,0.0580629825486,0,100.0,2.0
342.7,2,1.28061768136,0.976207911275,0.115312456098,0,100.0,2.0
342.7,3,1.31201308864,0.930995375144,0.198413361225,0,100.0,2.0
342.7,4,1.31201308864,0.864201811408,0.264396162462,0,100.0,2.0
342.7,5,1.35199214098,0.919468846688,0.3370479041,0,100.0,2.0
342.7,6,1.43453348922,0.876355517456,0.418670161771,0,100.0,2.0
342.7,7,1.46428081022,0.851521965412,0.498534234666,0,100.0,2.0
342.7,8,1.31399242455,0.853517164847,0.612826031436,0,100.0,2.0
342.7,9,1.5880968822,0.865263362722,0.726062333201,0,100.0,2.0
342.7,10,1.69130145914,0.8163912466,0.825805326019,0,100.0,2.0
342.7,11,1.74010837355,0.988911056334,0.990643791637,0,100.0,2.0
582.6,0,0.793249467394,,-0.000121274661233,0,100.0,2.0
582.6,1,1.20056343337,0.974179581951,0.0580629825486,0,100.0,2.0
582.6,2,1.18568572769,0.976208869246,0.115312456098,0,100.0,2.0
582.6,3,1.34997332544,0.966965738743,0.198413361225,0,100.0,2.0
582.6,4,1.17276148865,0.969584199274,0.264396162462,0,100.0,2.0
582.6,5,1.47932882543,0.94048033719,0.3370479041,0,100.0,2.0
582.6,6,1.64370264657,0.963815011529,0.418670161771,0,100.0,2.0
582.6,7,1.41773936116,0.969271073024,0.498534234666,0,100.0,2.0
582.6,8,1.69612678497,0.947545877147,0.612826031436,0,100.0,2.0
582.6,9,1.52740404993,0.958202395324,0.726062333201,0,100.0,2.0
582.6,10,1.70096424882,0.949909582003,0.825805326019,0,100.0,2.0
582.6,11,2.1276196964,0.989786551038,0.990643791637,0,100.0,2.0
0.0,0,1.24972660089,,0.000340916579115,1,100.0,2.0
0.0,1,1.53627560577,0.0272026082473,0.0443767445187,1,100.0,2.0
0.0,2,1.57217684587,0.0585502162498,0.0900807581116,1,100.0,2.0
0.0,3,1.47501736377,0.0933693594424,0.151535886526,1,100.0,2.0
0.0,4,1.39281999927,0.122096184412,0.199246769256,1,100.0,2.0
0.0,5,1.43453348922,0.175601455397,0.254009711778,1,100.0,2.0
0.0,6,1.10407783488,0.25053817198,0.353239998953,1,100.0,2.0
0.0,7,1.04119672643,0.316332870934,0.443138313436,1,100.0,2.0
0.0,8,0.939128542318,0.41419974509,0.546140482954,1,100.0,2.0
0.0,9,0.998708338957,0.541415373299,0.637818786092,1,100.0,2.0
0.0,10,1.60414981218,0.710851585124,0.810194325602,1,100.0,2.0
0.0,11,1.58581450644,0.98965547964,0.993714476928,1,100.0,2.0
24.1,0,1.12370894371,,0.000340916579115,1,100.0,2.0
24.1,1,1.78765120423,0.256172132726,0.0443767445187,1,100.0,2.0
24.1,2,1.525192541,0.100923594484,0.0900807581116,1,100.0,2.0
24.1,3,1.46428081022,0.101333491404,0.151535886526,1,100.0,2.0
24.1,4,1.60184831594,0.141548308474,0.199246769256,1,100.0,2.0
24.1,5,1.45786753308,0.185080760092,0.254009711778,1,100.0,2.0
24.1,6,1.50759143247,0.226361904842,0.353239998953,1,100.0,2.0
24.1,7,1.52077713814,0.308402583503,0.443138313436,1,100.0,2.0
24.1,8,1.43032118762,,0.546140482954,1,100.0,2.0
24.1,9,1.28061768136,0.525730929614,0.637818786092,1,100.0,2.0
24.1,10,1.54072677841,0.717406354754,0.810194325602,1,100.0,2.0
24.1,11,1.27091080771,0.992343169254,0.993714476928,1,100.0,2.0
41.0,0,1.2249879153,,0.000340916579115,1,100.0,2.0
41.0,1,1.58581450644,0.475794698908,0.0443767445187,1,100.0,2.0
41.0,2,1.58353483627,0.239020701734,0.0900807581116,1,100.0,2.0
41.0,3,1.46856824125,0.166783264564,0.151535886526,1,100.0,2.0
41.0,4,1.61569879132,0.163364999725,0.199246769256,1,100.0,2.0
41.0,5,1.49449552016,0.18294492188,0.254009711778,1,100.0,2.0
41.0,6,1.55638752092,0.259817132027,0.353239998953,1,100.0,2.0
41.0,7,1.6110708735,0.318549284025,0.443138313436,1,100.0,2.0
41.0,8,1.56088554384,0.426763751388,0.546140482954,1,100.0,2.0
41.0,9,1.63900692673,0.529252482726,0.637818786092,1,100.0,2.0
41.0,10,1.529618105,0.705467990788,0.810194325602,1,100.0,2.0
41.0,11,0.985307949727,0.991443378073,0.993714476928,1,100.0,2.0
69.8,0,1.0584584594,,0.000340916579115,1,100.0,2.0
69.8,1,1.44722603825,0.81711695291,0.0443767445187,1,100.0,2.0
69.8,2,1.58125786528,,0.0900807581116,1,100.0,2.0
69.8,3,1.75002018061,0.387131645141,0.151535886526,1,100.0,2.0
69.8,4,1.58125786528,0.219817515594,0.199246769256,1,100.0,2.0
69.8,5,1.61569879132,0.237743145199,0.254009711778,1,100.0,2.0
69.8,6,1.64605481321,0.271754720258,0.353239998953,1,100.0,2.0
69.8,7,1.33590064795,0.327069928376,0.443138313436,1,100.0,2.0
69.8,8,1.66260103167,0.414240435429,0.546140482954,1,100.0,2.0
69.8,9,1.59954957078,0.535119199821,0.637818786092,1,100.0,2.0
69.8,10,1.53627560577,0.716406110756,0.810194325602,1,100.0,2.0
69.8,11,0.988649303147,0.992295289665,0.993714476928,1,100.0,2.0
118.6,0,1.22121005236,,0.000340916579115,1,100.0,2.0
118.6,1,1.21179773734,0.854049366499,0.0443767445187,1,100.0,2.0
118.6,2,1.41356364547,0.811193916843,0.0900807581116,1,100.0,2.0
118.6,3,1.40109062652,0.568516525448,0.151535886526,1,100.0,2.0
118.6,4,1.51857323258,0.340804010368,0.199246769256,1,100.0,2.0
118.6,5,1.53405387701,0.400706175431,0.254009711778,1,100.0,2.0
118.6,6,1.39488432381,0.363963910623,0.353239998953,1,100.0,2.0
118.6,7,1.5541424486,0.390010166561,0.443138313436,1,100.0,2.0
118.6,8,1.68648821057,0.439699013732,0.546140482954,1,100.0,2.0
118.6,9,1.64370264657,0.555187932893,0.637818786092,1,100.0,2.0
118.6,10,1.64605481321,0.713441227553,0.810194325602,1,100.0,2.0
118.6,11,1.11297623125,0.990921281332,0.993714476928,1,100.0,2.0
201.6,0,1.08464510054,,0.000340916579115,1,100.0,2.0
201.6,1,1.20430091399,0.940955856518,0.0443767445187,1,100.0,2.0
201.6,2,1.36211813141,0.911946102813,0.0900807581116,1,100.0,2.0
201.6,3,1.45573451806,0.829308615047,0.151535886526,1,100.0,2.0
201.6,4,1.46428081022,,0.199246769256,1,100.0,2.0
201.6,5,1.38869798615,0.72575105951,0.254009711778,1,100.0,2.0
201.6,6,1.64135335341,0.686716300459,0.353239998953,1,100.0,2.0
201.6,7,1.80291224678,0.584423666515,0.443138313436,1,100.0,2.0
201.6,8,1.62033787318,0.556691671929,0.546140482954,1,100.0,2.0
201.6,9,1.60414981218,0.613069446447,0.637818786092,1,100.0,2.0
201.6,10,1.58125786528,0.730912436982,0.810194325602,1,100.0,2.0
201.6,11,1.31201308864,0.992658932238,0.993714476928,1,100.0,2.0
342.7,0,1.33790473647,,0.000340916579115,1,100.0,2.0
342.7,1,1.1690847466,0.973716998822,0.0443767445187,1,100.0,2.0
342.7,2,1.80546756989,0.96505961777,0.0900807581116,1,100.0,2.0
342.7,3,1.19497079679,0.942962030229,0.151535886526,1,100.0,2.0
342.7,4,1.41147918285,0.919654021085,0.199246769256,1,100.0,2.0
342.7,5,1.55863521728,0.925625183814,0.254009711778,1,100.0,2.0
342.7,6,1.43875503769,0.843672506551,0.353239998953,1,100.0,2.0
342.7,7,1.67689770446,0.876918343908,0.443138313436,1,100.0,2.0
342.7,8,1.65312862453,0.855784641953,0.546140482954,1,100.0,2.0
342.7,9,1.80802629296,0.722746285403,0.637818786092,1,100.0,2.0
342.7,10,1.76999838446,0.841050754029,0.810194325602,1,100.0,2.0
342.7,11,1.68889332898,0.993557227073,0.993714476928,1,100.0,2.0
582.6,0,1.2689752987,,0.000340916579115,1,100.0,2.0
582.6,1,1.17460249914,0.976037453653,0.0443767445187,1,100.0,2.0
582.6,2,1.30214685286,0.97107192935,0.0900807581116,1,100.0,2.0
582.6,3,1.42611809247,0.987057875138,0.151535886526,1,100.0,2.0
582.6,4,1.34997332544,0.97518366654,0.199246769256,1,100.0,2.0
582.6,5,1.59954957078,,0.254009711778,1,100.0,2.0
582.6,6,1.49449552016,,0.353239998953,1,100.0,2.0
582.6,7,1.73024739149,0.925539224407,0.443138313436,1,100.0,2.0
582.6,8,1.67212032764,0.946763175197,0.546140482954,1,100.0,2.0
582.6,9,2.08871252147,0.884730216515,0.637818786092,1,100.0,2.0
582.6,10,2.00182180091,0.948552243227,0.810194325602,1,100.0,2.0
582.6,11,2.02461149332,0.99143227822,0.993714476928,1,100.0,2.0
0.0,0,1.45147557253,,0.000417685596839,2,100.0,2.0
0.0,1,1.62964974536,0.0364058407173,0.0631195320643,2,100.0,2.0
0.0,2,2.05057692154,0.079079674392,0.123847229628,2,100.0,2.0
0.0,3,1.75002018061,0.114982956498,0.17798889428,2,100.0,2.0
0.0,4,1.61569879132,0.179593057111,0.257630162739,2,100.0,2.0
0.0,5,1.5880968822,0.262099891607,0.368858147062,2,100.0,2.0
0.0,6,1.54072677841,0.31133101837,0.43835423839,2,100.0,2.0
0.0,7,1.75250613531,0.367544808576,0.50053000376,2,100.0,2.0
0.0,8,1.65549235574,0.513294786218,0.633220373653,2,100.0,2.0
0.0,9,1.45147557253,0.632676041569,0.739417509856,2,100.0,2.0
0.0,10,1.43032118762,0.793771844587,0.878008662941,2,100.0,2.0
0.0,11,1.65312862453,0.990117535167,0.992765554962,2,100.0,2.0
24.1,0,1.08816375036,,0.000417685596839,2,100.0,2.0
24.1,1,1.81058842503,0.133430716582,0.0631195320643,2,100.0,2.0
24.1,2,1.68648821057,0.0892687815798,0.123847229628,2,100.0,2.0
24.1,3,1.63666335953,0.115567318217,0.17798889428,2,100.0,2.0
24.1,4,1.72779002643,0.188821180376,0.257630162739,2,100.0,2.0
24.1,5,1.46214067388,0.25883780755,0.368858147062,2,100.0,2.0
24.1,6,1.57444308372,0.30857887169,0.43835423839,2,100.0,2.0
24.1,7,1.41983062407,0.396285055499,0.50053000376,2,100.0,2.0
24.1,8,1.34795662699,0.517182193307,0.633220373653,2,100.0,2.0
24.1,9,1.54295623423,0.643885652319,0.739417509856,2,100.0,2.0
24.1,10,1.36211813141,0.805442342214,0.878008662941,2,100.0,2.0
24.1,11,1.69854399582,0.988514358457,0.992765554962,2,100.0,2.0
41.0,0,1.10407783488,,0.000417685596839,2,100.0,2.0
41.0,1,1.29233097698,0.433496887988,0.0631195320643,2,100.0,2.0
41.0,2,1.35199214098,0.202484356557,0.123847229628,2,100.0,2.0
41.0,3,1.32790511392,0.16482150784,0.17798889428,2,100.0,2.0
41.0,4,1.2249879153,0.197214966093,0.257630162739,2,100.0,2.0
41.0,5,1.45360386629,0.247320321406,0.368858147062,2,100.0,2.0
41.0,6,1.45573451806,0.318277143732,0.43835423839,2,100.0,2.0
41.0,7,1.4600029166,0.396474477118,0.50053000376,2,100.0,2.0
41.0,8,1.53849990425,0.518209071225,0.633220373653,2,100.0,2.0
41.0,9,1.39488432381,0.649719431778,0.739417509856,2,100.0,2.0
41.0,10,1.44510478735,0.795199642368,0.878008662941,2,100.0,2.0
41.0,11,1.62731754675,0.991995138892,0.992765554962,2,100.0,2.0
69.8,0,0.849968990017,,0.000417685596839,2,100.0,2.0
69.8,1,1.45147557253,0.666544927826,0.0631195320643,2,100.0,2.0
69.8,2,1.52298357234,0.47022487288,0.123847229628,2,100.0,2.0
69.8,3,1.24972660089,,0.17798889428,2,100.0,2.0
69.8,4,1.30017966537,0.275035029777,0.257630162739,2,100.0,2.0
69.8,5,1.52298357234,0.283427248805,0.368858147062,2,100.0,2.0
69.8,6,1.43242618509,,0.43835423839,2,100.0,2.0
69.8,7,1.40523931714,0.406409078608,0.50053000376,2,100.0,2.0
69.8,8,1.48581419627,0.504429868363,0.633220373653,2,100.0,2.0
69.8,9,1.36821941779,0.662478290051,0.739417509856,2,100.0,2.0
69.8,10,1.59496030747,0.801886746506,0.878008662941,2,100.0,2.0
69.8,11,1.80802629296,0.98943155205,0.992765554962,2,100.0,2.0
118.6,0,0.900410063389,,0.000417685596839,2,100.0,2.0
118.6,1,1.59266977626,0.879677874829,0.0631195320643,2,100.0,2.0
118.6,2,1.41147918285,0.720769892907,0.123847229628,2,100.0,2.0
118.6,3,1.49667198842,0.524551003235,0.17798889428,2,100.0,2.0
118.6,4,1.35806133477,0.457953398734,0.257630162739,2,100.0,2.0
118.6,5,1.20804567252,0.378655350821,0.368858147062,2,100.0,2.0
118.6,6,1.31994268516,0.369200515249,0.43835423839,2,100.0,2.0
118.6,7,1.36008866335,0.419157987295,0.50053000376,2,100.0,2.0
118.6,8,1.34191918995,0.541957694528,0.633220373653,2,100.0,2.0
118.6,9,1.38048037154,0.649050817916,0.739417509856,2,100.0,2.0
118.6,10,1.51417298424,0.807247812912,0.878008662941,2,100.0,2.0
118.6,11,1.75002018061,0.993227080784,0.992765554962,2,100.0,2.0
201.6,0,1.1308975079,,0.000417685596839,2,100.0,2.0
201.6,1,1.09698864494,0.943844646787,0.0631195320643,2,100.0,2.0
201.6,2,1.08992549249,0.710716609427,0.123847229628,2,100.0,2.0
201.6,3,1.41565036993,,0.17798889428,2,100.0,2.0
201.6,4,1.24017402307,0.82595004528,0.257630162739,2,100.0,2.0
201.6,5,1.63666335953,0.71094735952,0.368858147062,2,100.0,2.0
201.6,6,1.43664310506,0.656654859894,0.43835423839,2,100.0,2.0
201.6,7,1.42401998475,0.613828675997,0.50053000376,2,100.0,2.0
201.6,8,1.38048037154,0.652197815131,0.633220373653,2,100.0,2.0
201.6,9,1.49014995947,0.695985036151,0.739417509856,2,100.0,2.0
201.6,10,1.86783661578,0.696365479749,0.878008662941,2,100.0,2.0
201.6,11,1.81572295262,0.994172790143,0.992765554962,2,100.0,2.0
342.7,0,0.945658094788,,0.000417685596839,2,100.0,2.0
342.7,1,1.1690847466,0.968212028611,0.0631195320643,2,100.0,2.0
342.7,2,1.21555713704,0.948490602832,0.123847229628,2,100.0,2.0
342.7,3,1.27091080771,0.933300933858,0.17798889428,2,100.0,2.0
342.7,4,1.47932882543,0.939216494773,0.257630162739,2,100.0,2.0
342.7,5,1.60645406611,0.849832371617,0.368858147062,2,100.0,2.0
342.7,6,1.62266161748,0.903080701454,0.43835423839,2,100.0,2.0
342.7,7,1.67689770446,0.893662361564,0.50053000376,2,100.0,2.0
342.7,8,1.59038196999,0.873551160079,0.633220373653,2,100.0,2.0
342.7,9,1.6840860964,0.887054983937,0.739417509856,2,100.0,2.0
342.7,10,2.05639493854,0.90804812015,0.878008662941,2,100.0,2.0
342.7,11,1.72779002643,0.98913583168,0.992765554962,2,100.0,2.0
582.6,0,1.05672529695,,0.000417685596839,2,100.0,2.0
582.6,1,1.06540677157,,0.0631195320643,2,100.0,2.0
582.6,2,1.56765236636,,0.123847229628,2,100.0,2.0
582.6,3,1.33389864576,0.943252649266,0.17798889428,2,100.0,2.0
582.6,4,1.30017966537,0.960414645276,0.257630162739,2,100.0,2.0
582.6,5,1.75002018061,0.958295084198,0.368858147062,2,100.0,2.0
582.6,6,1.64370264657,0.965436151075,0.43835423839,2,100.0,2.0
582.6,7,1.66497644173,0.966136044571,0.50053000376,2,100.0,2.0
582.6,8,1.76999838446,0.964649250565,0.633220373653,2,100.0,2.0
582.6,9,1.81829536644,0.959591211272,0.739417509856,2,100.0,2.0
582.6,10,1.76498434231,0.969531116637,0.878008662941,2,100.0,2.0
582.6,11,1.48581419627,0.992279628076,0.992765554962,2,100.0,2.0
0.0,0,0.0455348602973,,-0.000121274661233,0,100.0,5.0
0.0,1,1.5789835871,0.0374247162769,0.0580629825486,0,100.0,5.0
0.0,2,1.44298587371,0.0673384911066,0.115312456098,0,100.0,5.0
0.0,3,1.40523931714,0.11189503443,0.198413361225,0,100.0,5.0
0.0,4,1.41773936116,0.162888104493,0.264396162462,0,100.0,5.0
0.0,5,1.46856824125,0.218699248797,0.3370479041,0,100.0,5.0
0.0,6,1.33991091568,0.248768679154,0.418670161771,0,100.0,5.0
0.0,7,1.37229772275,0.372145037643,0.498534234666,0,100.0,5.0
0.0,8,1.51637184987,0.45814379245,0.612826031436,0,100.0,5.0
0.0,9,1.46856824125,0.58812134356,0.726062333201,0,100.0,5.0
0.0,10,1.46428081022,0.751978711764,0.825805326019,0,100.0,5.0
0.0,11,1.98209998497,0.990195545345,0.990643791637,0,100.0,5.0
8.4,0,0.114332324342,,-0.000121274661233,0,100.0,5.0
8.4,1,1.41983062407,0.249123431694,0.0580629825486,0,100.0,5.0
8.4,2,1.56088554384,0.0799589991389,0.115312456098,0,100.0,5.0
8.4,3,1.36008866335,0.111115190404,0.198413361225,0,100.0,5.0
8.4,4,1.33389864576,0.151277677349,0.264396162462,0,100.0,5.0
8.4,5,1.62964974536,0.2148504396,0.3370479041,0,100.0,5.0
8.4,6,1.57444308372,0.284083072307,0.418670161771,0,100.0,5.0
8.4,7,1.4408692922,0.363300607196,0.498534234666,0,100.0,5.0
8.4,8,1.50321621183,0.450697927595,0.612826031436,0,100.0,5.0
8.4,9,1.61569879132,0.585917117461,0.726062333201,0,100.0,5.0
8.4,10,1.5789835871,0.743860628723,0.825805326019,0,100.0,5.0
8.4,11,1.42611809247,0.98919646755,0.990643791637,0,100.0,5.0
14.2,0,0.129247595564,,-0.000121274661233,0,100.0,5.0
14.2,1,1.10230308588,0.741631395241,0.0580629825486,0,100.0,5.0
14.2,2,1.40939697717,0.391099289927,0.115312456098,0,100.0,5.0
14.2,3,1.42821849175,0.125927460529,0.198413361225,0,100.0,5.0
14.2,4,1.29625131706,0.166036976735,0.264396162462,0,100.0,5.0
14.2,5,1.37025748915,0.219462512291,0.3370479041,0,100.0,5.0
14.2,6,1.36618350409,0.272771058971,0.418670161771,0,100.0,5.0
14.2,7,1.54518827769,0.361151204801,0.498534234666,0,100.0,5.0
14.2,8,1.5699132755,0.46053935533,0.612826031436,0,100.0,5.0
14.2,9,1.49885092272,0.594186978031,0.726062333201,0,100.0,5.0
14.2,10,1.54518827769,0.730546240789,0.825805326019,0,100.0,5.0
14.2,11,1.64370264657,0.990459402754,0.990643791637,0,100.0,5.0
24.1,0,0.0516884592466,,-0.000121274661233,0,100.0,5.0
24.1,1,1.40316385308,,0.0580629825486,0,100.0,5.0
24.1,2,1.40939697717,0.601845010416,0.115312456098,0,100.0,5.0
24.1,3,1.36414974348,0.255538984772,0.198413361225,0,100.0,5.0
24.1,4,1.41565036993,0.173777483435,0.264396162462,0,100.0,5.0
24.1,5,1.33189872558,0.219345249031,0.3370479041,0,100.0,5.0
24.1,6,1.38253148549,0.277273159797,0.418670161771,0,100.0,5.0
24.1,7,1.48798085595,0.350742831837,0.498534234666,0,100.0,5.0
24.1,8,1.45360386629,,0.612826031436,0,100.0,5.0
24.1,9,1.59496030747,0.600609424449,0.726062333201,0,100.0,5.0
24.1,10,1.49667198842,0.73881923461,0.825805326019,0,100.0,5.0
24.1,11,1.77754404533,0.990246597948,0.990643791637,0,100.0,5.0
41.0,0,0.0558018251356,,-0.000121274661233,0,100.0,5.0
41.0,1,1.29429014803,0.951154740799,0.0580629825486,0,100.0,5.0
41.0,2,1.28061768136,0.882403066632,0.115312456098,0,100.0,5.0
41.0,3,1.2864654111,,0.198413361225,0,100.0,5.0
41.0,4,1.31399242455,0.631493999727,0.264396162462,0,100.0,5.0
41.0,5,1.50759143247,0.49908321859,0.3370479041,0,100.0,5.0
41.0,6,1.48364997495,0.34384710247,0.418670161771,0,100.0,5.0
41.0,7,1.35199214098,0.379022517908,0.498534234666,0,100.0,5.0
41.0,8,1.43875503769,0.450402616338,0.612826031436,0,100.0,5.0
41.0,9,1.47932882543,0.619274421386,0.726062333201,0,100.0,5.0
41.0,10,1.59725357014,0.737468039173,0.825805326019,0,100.0,5.0
41.0,11,1.63900692673,0.98916153476,0.990643791637,0,100.0,5.0
69.8,0,0.0785839654904,,-0.000121274661233,0,100.0,5.0
69.8,1,1.30214685286,0.968254947581,0.0580629825486,0,100.0,5.0
69.8,2,1.34997332544,0.945625959866,0.115312456098,0,100.0,5.0
69.8,3,1.39901963266,0.926949539082,0.198413361225,0,100.0,5.0
69.8,4,1.37229772275,0.911200709301,0.264396162462,0,100.0,5.0
69.8,5,1.39075788829,0.88259329157,0.3370479041,0,100.0,5.0
69.8,6,1.60876108434,0.750730853784,0.418670161771,0,100.0,5.0
69.8,7,1.47932882543,0.655880926997,0.498534234666,0,100.0,5.0
69.8,8,1.42611809247,0.608199677906,0.612826031436,0,100.0,5.0
69.8,9,1.72288469659,0.659586095915,0.726062333201,0,100.0,5.0
69.8,10,1.77502553391,0.744374041375,0.825805326019,0,100.0,5.0
69.8,11,1.5880968822,0.990138371042,0.990643791637,0,100.0,5.0
118.6,0,0.0806685150149,,-0.000121274661233,0,100.0,5.0
118.6,1,1.34191918995,0.972312062107,0.0580629825486,0,100.0,5.0
118.6,2,1.32990088307,0.9544009318,0.115312456098,0,100.0,5.0
118.6,3,1.31201308864,0.969989852303,0.198413361225,0,100.0,5.0
118.6,4,1.23826918844,0.939934934082,0.264396162462,0,100.0,5.0
118.6,5,1.31795721859,0.947563404366,0.3370479041,0,100.0,5.0
118.6,6,1.49232151236,0.943403722039,0.418670161771,0,100.0,5.0
118.6,7,1.60645406611,,0.498534234666,0,100.0,5.0
118.6,8,1.49232151236,0.950963928575,0.612826031436,0,100.0,5.0
118.6,9,1.59496030747,0.915013714429,0.726062333201,0,100.0,5.0
118.6,10,1.51417298424,0.87939901063,0.825805326019,0,100.0,5.0
118.6,11,1.63432264486,0.98954714623,0.990643791637,0,100.0,5.0
201.6,0,0.0486091984323,,-0.000121274661233,0,100.0,5.0
201.6,1,1.60184831594,0.976903109199,0.0580629825486,0,100.0,5.0
201.6,2,1.51417298424,0.979492922647,0.115312456098,0,100.0,5.0
201.6,3,1.52298357234,0.978853470175,0.198413361225,0,100.0,5.0
201.6,4,1.39488432381,0.975907473333,0.264396162462,0,100.0,5.0
201.6,5,1.33790473647,0.967490509424,0.3370479041,0,100.0,5.0
201.6,6,1.35199214098,0.972713732038,0.418670161771,0,100.0,5.0
201.6,7,1.4600029166,0.975218972446,0.498534234666,0,100.0,5.0
201.6,8,1.53627560577,0.972826363784,0.612826031436,0,100.0,5.0
201.6,9,1.50103232865,0.98366585432,0.726062333201,0,100.0,5.0
201.6,10,1.67212032764,0.97583582669,0.825805326019,0,100.0,5.0
201.6,11,1.52298357234,0.990032247551,0.990643791637,0,100.0,5.0
0.0,0,1.67689770446,,0.000340916579115,1,100.0,5.0
0.0,1,1.10407783488,0.0509634016597,0.0443767445187,1,100.0,5.0
0.0,2,1.65076779511,0.0542064769528,0.0900807581116,1,100.0,5.0
0.0,3,1.64840986037,0.0909919966195,0.151535886526,1,100.0,5.0
0.0,4,1.65785899589,0.137693574456,0.199246769256,1,100.0,5.0
0.0,5,1.51417298424,0.178230379011,0.254009711778,1,100.0,5.0
0.0,6,1.52298357234,0.239732497651,0.353239998953,1,100.0,5.0
0.0,7,1.54072677841,0.307608423462,0.443138313436,1,100.0,5.0
0.0,8,1.59266977626,0.405701862573,0.546140482954,1,100.0,5.0
0.0,9,1.56088554384,0.518929022841,0.637818786092,1,100.0,5.0
0.0,10,1.60876108434,0.710584237696,0.810194325602,1,100.0,5.0
0.0,11,1.62266161748,0.99035752815,0.993714476928,1,100.0,5.0
8.4,0,1.29037379984,,0.000340916579115,1,100.0,5.0
8.4,1,1.34392956366,,0.0443767445187,1,100.0,5.0
8.4,2,1.45786753308,0.131229543462,0.0900807581116,1,100.0,5.0
8.4,3,1.44298587371,0.0958173072554,0.151535886526,1,100.0,5.0
8.4,4,1.48581419627,,0.199246769256,1,100.0,5.0
8.4,5,1.529618105,,0.254009711778,1,100.0,5.0
8.4,6,1.47932882543,0.237516550755,0.353239998953,1,100.0,5.0
8.4,7,1.37638469502,0.323092706866,0.443138313436,1,100.0,5.0
8.4,8,1.48581419627,0.415339163483,0.546140482954,1,100.0,5.0
8.4,9,1.43875503769,0.52448294279,0.637818786092,1,100.0,5.0
8.4,10,1.83380253204,0.701802802262,0.810194325602,1,100.0,5.0
8.4,11,1.47071554661,0.989398976368,0.993714476928,1,100.0,5.0
14.2,0,1.15809651071,,0.000340916579115,1,100.0,5.0
14.2,1,1.2864654111,0.740070608723,0.0443767445187,1,100.0,5.0
14.2,2,1.27672905039,0.465077188739,0.0900807581116,1,100.0,5.0
14.2,3,1.31399242455,0.262973907002,0.151535886526,1,100.0,5.0
14.2,4,1.35603614118,0.141433655762,0.199246769256,1,100.0,5.0
14.2,5,1.3866402881,0.181331299922,0.254009711778,1,100.0,5.0
14.2,6,1.49014995947,0.235075224016,0.353239998953,1,100.0,5.0
14.2,7,1.5518999942,0.32355707248,0.443138313436,1,100.0,5.0
14.2,8,1.66497644173,0.389436568773,0.546140482954,1,100.0,5.0
14.2,9,1.38048037154,0.511683614122,0.637818786092,1,100.0,5.0
14.2,10,1.64370264657,0.709782634355,0.810194325602,1,100.0,5.0
14.2,11,1.53405387701,0.992909267514,0.993714476928,1,100.0,5.0
24.1,0,1.11833510007,,0.000340916579115,1,100.0,5.0
24.1,1,1.34594204121,0.92486191492,0.0443767445187,1,100.0,5.0
24.1,2,1.23636623872,0.564257235372,0.0900807581116,1,100.0,5.0
24.1,3,1.40316385308,0.739083022652,0.151535886526,1,100.0,5.0
24.1,4,1.59954957078,,0.199246769256,1,100.0,5.0
24.1,5,1.50978278127,0.217473413689,0.254009711778,1,100.0,5.0
24.1,6,1.49667198842,0.24643616051,0.353239998953,1,100.0,5.0
24.1,7,1.52740404993,0.301372865879,0.443138313436,1,100.0,5.0
24.1,8,1.45360386629,0.417022543569,0.546140482954,1,100.0,5.0
24.1,9,1.6840860964,0.521053679525,0.637818786092,1,100.0,5.0
24.1,10,1.58353483627,0.711833733683,0.810194325602,1,100.0,5.0
24.1,11,1.80036031459,0.986095326964,0.993714476928,1,100.0,5.0
41.0,0,1.22687963351,,0.000340916579115,1,100.0,5.0
41.0,1,1.30608727508,0.977043146717,0.0443767445187,1,100.0,5.0
41.0,2,1.20617238175,0.892648858355,0.0900807581116,1,100.0,5.0
41.0,3,1.16724900831,0.83771886064,0.151535886526,1,100.0,5.0
41.0,4,1.12550356715,0.834850680515,0.199246769256,1,100.0,5.0
41.0,5,1.54966015163,0.724282414124,0.254009711778,1,100.0,5.0
41.0,6,1.41773936116,0.524578826148,0.353239998953,1,100.0,5.0
41.0,7,1.47071554661,0.369745670069,0.443138313436,1,100.0,5.0
41.0,8,1.47286525232,0.42242729383,0.546140482954,1,100.0,5.0
41.0,9,1.49014995947,0.529104065114,0.637818786092,1,100.0,5.0
41.0,10,1.59725357014,0.722611691581,0.810194325602,1,100.0,5.0
41.0,11,1.78006585938,0.991010270675,0.993714476928,1,100.0,5.0
69.8,0,1.26318043243,,0.000340916579115,1,100.0,5.0
69.8,1,1.45573451806,0.865836535043,0.0443767445187,1,100.0,5.0
69.8,2,1.23636623872,0.961931126972,0.0900807581116,1,100.0,5.0
69.8,3,1.1690847466,,0.151535886526,1,100.0,5.0
69.8,4,1.09698864494,0.900988914103,0.199246769256,1,100.0,5.0
69.8,5,1.52077713814,0.862648687967,0.254009711778,1,100.0,5.0
69.8,6,1.49449552016,0.879787923007,0.353239998953,1,100.0,5.0
69.8,7,1.50321621183,0.844816963976,0.443138313436,1,100.0,5.0
69.8,8,1.61338344027,0.758534770523,0.546140482954,1,100.0,5.0
69.8,9,1.5880968822,0.631431327018,0.637818786092,1,100.0,5.0
69.8,10,1.64840986037,0.740005961095,0.810194325602,1,100.0,5.0
69.8,11,1.77502553391,0.992827376547,0.993714476928,1,100.0,5.0
118.6,0,1.29625131706,,0.000340916579115,1,100.0,5.0
118.6,1,1.48148818649,,0.0443767445187,1,100.0,5.0
118.6,2,1.26704173576,0.974517378563,0.0900807581116,1,100.0,5.0
118.6,3,1.07412761534,0.968110955304,0.151535886526,1,100.0,5.0
118.6,4,1.20617238175,0.949416505716,0.199246769256,1,100.0,5.0
118.6,5,1.35603614118,0.895987797533,0.254009711778,1,100.0,5.0
118.6,6,1.34392956366,0.958281250432,0.353239998953,1,100.0,5.0
118.6,7,1.45360386629,0.950763615062,0.443138313436,1,100.0,5.0
118.6,8,1.4664233309,0.975307050587,0.546140482954,1,100.0,5.0
118.6,9,1.43664310506,,0.637818786092,1,100.0,5.0
118.6,10,1.57444308372,0.930697148758,0.810194325602,1,100.0,5.0
118.6,11,1.92684145891,0.993823305604,0.993714476928,1,100.0,5.0
201.6,0,1.22309805613,,0.000340916579115,1,100.0,5.0
201.6,1,1.30411605472,0.989617103008,0.0443767445187,1,100.0,5.0
201.6,2,1.29037379984,0.980438299925,0.0900807581116,1,100.0,5.0
201.6,3,1.50759143247,0.981627734948,0.151535886526,1,100.0,5.0
201.6,4,1.09168885005,0.980043885643,0.199246769256,1,100.0,5.0
201.6,5,1.31003578787,0.982121150523,0.254009711778,1,100.0,5.0
201.6,6,1.1399211664,0.981744405168,0.353239998953,1,100.0,5.0
201.6,7,1.13450189189,0.978891400532,0.443138313436,1,100.0,5.0
201.6,8,1.61801693338,0.977424880086,0.546140482954,1,100.0,5.0
201.6,9,1.63900692673,0.981469673161,0.637818786092,1,100.0,5.0
201.6,10,1.76748972924,0.987205702066,0.810194325602,1,100.0,5.0
201.6,11,2.12158250236,0.993447941053,0.993714476928,1,100.0,5.0
0.0,0,0.00400416577755,,0.000417685596839,2,100.0,5.0
0.0,1,1.47932882543,0.0383822461074,0.0631195320643,2,100.0,5.0
0.0,2,1.4600029166,0.0775043021151,0.123847229628,2,100.0,5.0
0.0,3,1.24208074633,0.123451101118,0.17798889428,2,100.0,5.0
0.0,4,1.56765236636,0.184795010795,0.257630162739,2,100.0,5.0
0.0,5,1.58125786528,0.251961987528,0.368858147062,2,100.0,5.0
0.0,6,1.67450753253,0.31970936867,0.43835423839,2,100.0,5.0
0.0,7,1.45147557253,0.37979194104,0.50053000376,2,100.0,5.0
0.0,8,1.70824333743,0.518932895962,0.633220373653,2,100.0,5.0
0.0,9,1.43032118762,0.644226573411,0.739417509856,2,100.0,5.0
0.0,10,1.50759143247,0.803536360787,0.878008662941,2,100.0,5.0
0.0,11,1.60414981218,0.989672585496,0.992765554962,2,100.0,5.0
8.4,0,0.101639238277,,0.000417685596839,2,100.0,5.0
8.4,1,1.33189872558,0.378474375494,0.0631195320643,2,100.0,5.0
8.4,2,1.45786753308,0.0788391776806,0.123847229628,2,100.0,5.0
8.4,3,1.38869798615,0.11791393988,0.17798889428,2,100.0,5.0
8.4,4,1.32591141383,0.190221013073,0.257630162739,2,100.0,5.0
8.4,5,1.32391977852,0.253983570632,0.368858147062,2,100.0,5.0
8.4,6,1.47932882543,0.307011694908,0.43835423839,2,100.0,5.0
8.4,7,1.49885092272,0.396249866877,0.50053000376,2,100.0,5.0
8.4,8,1.50321621183,0.524295591479,0.633220373653,2,100.0,5.0
8.4,9,1.61338344027,0.624992716762,0.739417509856,2,100.0,5.0
8.4,10,1.53849990425,0.786920884732,0.878008662941,2,100.0,5.0
8.4,11,1.51417298424,0.991188690158,0.992765554962,2,100.0,5.0
14.2,0,0.136748837421,,0.000417685596839,2,100.0,5.0
14.2,1,1.38869798615,0.706324124416,0.0631195320643,2,100.0,5.0
14.2,2,1.33790473647,0.294022976802,0.123847229628,2,100.0,5.0
14.2,3,1.529618105,0.126741843204,0.17798889428,2,100.0,5.0
14.2,4,1.33590064795,0.174021666175,0.257630162739,2,100.0,5.0
14.2,5,1.29625131706,0.254676038702,0.368858147062,2,100.0,5.0
14.2,6,1.29233097698,0.311314648248,0.43835423839,2,100.0,5.0
14.2,7,1.5699132755,0.380490896672,0.50053000376,2,100.0,5.0
14.2,8,1.47717188633,0.504592511441,0.633220373653,2,100.0,5.0
14.2,9,1.35806133477,0.641666260051,0.739417509856,2,100.0,5.0
14.2,10,1.51417298424,0.795174145203,0.878008662941,2,100.0,5.0
14.2,11,1.44722603825,0.989142449168,0.992765554962,2,100.0,5.0
24.1,0,0.073382455963,,0.000417685596839,2,100.0,5.0
24.1,1,1.40731702356,0.937556204524,0.0631195320643,2,100.0,5.0
24.1,2,1.27867238298,0.719796741824,0.123847229628,2,100.0,5.0
24.1,3,1.47286525232,0.416111406165,0.17798889428,2,100.0,5.0
24.1,4,1.43875503769,0.225289406938,0.257630162739,2,100.0,5.0
24.1,5,1.52298357234,0.237843335532,0.368858147062,2,100.0,5.0
24.1,6,1.44298587371,0.328804845128,0.43835423839,2,100.0,5.0
24.1,7,1.32591141383,,0.50053000376,2,100.0,5.0
24.1,8,1.36618350409,0.526608890457,0.633220373653,2,100.0,5.0
24.1,9,1.4408692922,0.649526801758,0.739417509856,2,100.0,5.0
24.1,10,1.37843144293,0.794624421651,0.878008662941,2,100.0,5.0
24.1,11,1.67212032764,0.988715705319,0.992765554962,2,100.0,5.0
41.0,0,0.14104843505,,0.000417685596839,2,100.0,5.0
41.0,1,1.29821448814,0.914851931821,0.0631195320643,2,100.0,5.0
41.0,2,1.11297623125,0.917416946328,0.123847229628,2,100.0,5.0
41.0,3,1.0105107702,0.837168888026,0.17798889428,2,100.0,5.0
41.0,4,1.15444767359,0.793805921098,0.257630162739,2,100.0,5.0
41.0,5,1.22121005236,0.657381364523,0.368858147062,2,100.0,5.0
41.0,6,1.27867238298,0.387167147667,0.43835423839,2,100.0,5.0
41.0,7,1.37638469502,0.405486955071,0.50053000376,2,100.0,5.0
41.0,8,1.38458478945,0.508401684064,0.633220373653,2,100.0,5.0
41.0,9,1.47717188633,0.656344650801,0.739417509856,2,100.0,5.0
41.0,10,1.53405387701,0.79103105453,0.878008662941,2,100.0,5.0
41.0,11,1.83639926056,0.990247265226,0.992765554962,2,100.0,5.0
69.8,0,0.0911252916576,,0.000417685596839,2,100.0,5.0
69.8,1,1.28256494951,0.921780467791,0.0631195320643,2,100.0,5.0
69.8,2,1.30806051808,0.949518478629,0.123847229628,2,100.0,5.0
69.8,3,0.991996472288,0.94721096159,0.17798889428,2,100.0,5.0
69.8,4,0.975318582566,0.916667793971,0.257630162739,2,100.0,5.0
69.8,5,1.32990088307,0.902936011559,0.368858147062,2,100.0,5.0
69.8,6,1.34191918995,0.901585037844,0.43835423839,2,100.0,5.0
69.8,7,1.40109062652,0.832337873188,0.50053000376,2,100.0,5.0
69.8,8,1.36008866335,0.70310762923,0.633220373653,2,100.0,5.0
69.8,9,1.46856824125,0.709324374204,0.739417509856,2,100.0,5.0
69.8,10,1.68889332898,0.815779048156,0.878008662941,2,100.0,5.0
69.8,11,1.60645406611,0.988999292216,0.992765554962,2,100.0,5.0
118.6,0,0.17908571152,,0.000417685596839,2,100.0,5.0
118.6,1,1.37843144293,0.973048550025,0.0631195320643,2,100.0,5.0
118.6,2,1.31795721859,0.966118774051,0.123847229628,2,100.0,5.0
118.6,3,1.22687963351,0.935735581646,0.17798889428,2,100.0,5.0
118.6,4,1.06540677157,0.953385657474,0.257630162739,2,100.0,5.0
118.6,5,1.2689752987,0.933724504071,0.368858147062,2,100.0,5.0
118.6,6,1.39901963266,0.938083702191,0.43835423839,2,100.0,5.0
118.6,7,1.6110708735,0.939809490567,0.50053000376,2,100.0,5.0
118.6,8,1.39901963266,0.923222138438,0.633220373653,2,100.0,5.0
118.6,9,1.37025748915,0.935674807966,0.739417509856,2,100.0,5.0
118.6,10,1.58353483627,0.934075612306,0.878008662941,2,100.0,5.0
118.6,11,1.59496030747,0.988930289757,0.992765554962,2,100.0,5.0
201.6,0,0.0414433731355,,0.000417685596839,2,100.0,5.0
201.6,1,1.46856824125,0.979995442747,0.0631195320643,2,100.0,5.0
201.6,2,1.09345382599,0.971149440294,0.123847229628,2,100.0,5.0
201.6,3,1.14898736633,0.971211379266,0.17798889428,2,100.0,5.0
201.6,4,1.17092223893,0.979195055713,0.257630162739,2,100.0,5.0
201.6,5,1.29037379984,0.976071935245,0.368858147062,2,100.0,5.0
201.6,6,1.33790473647,0.968104891314,0.43835423839,2,100.0,5.0
201.6,7,1.15080574665,0.971043469824,0.50053000376,2,100.0,5.0
201.6,8,1.44934963159,0.977315104268,0.633220373653,2,100.0,5.0
201.6,9,1.66973608243,0.981602846149,0.739417509856,2,100.0,5.0
201.6,10,1.525192541,0.990635029745,0.878008662941,2,100.0,5.0
201.6,11,1.18383408143,0.986343689008,0.992765554962,2,100.0,5.0
0.0,0,0.00500651128868,,-0.000121274661233,0,100.0,20.0
0.0,1,1.48581419627,0.415167943882,0.0580629825486,0,100.0,20.0
0.0,2,1.75499530776,0.0829805854437,0.115312456098,0,100.0,20.0
0.0,3,1.40109062652,0.106796840759,0.198413361225,0,100.0,20.0
0.0,4,1.56539411218,0.15198348684,0.264396162462,0,100.0,20.0
0.0,5,1.41356364547,0.211224572234,0.3370479041,0,100.0,20.0
0.0,6,1.65312862453,0.270176585771,0.418670161771,0,100.0,20.0
0.0,7,1.58353483627,0.37030915913,0.498534234666,0,100.0,20.0
0.0,8,1.52077713814,0.442131956128,0.612826031436,0,100.0,20.0
0.0,9,1.61569879132,0.58415827551,0.726062333201,0,100.0,20.0
0.0,10,1.63198477577,0.722672788023,0.825805326019,0,100.0,20.0
0.0,11,1.63666335953,0.983213220852,0.990643791637,0,100.0,20.0
1.7,0,0.00801668629273,,-0.000121274661233,0,100.0,20.0
1.7,1,1.10052997324,0.422268187208,0.0580629825486,0,100.0,20.0
1.7,2,1.47286525232,0.0918780164439,0.115312456098,0,100.0,20.0
1.7,3,1.34594204121,0.115604803131,0.198413361225,0,100.0,20.0
1.7,4,1.38458478945,0.168932765058,0.264396162462,0,100.0,20.0
1.7,5,1.52740404993,0.207216235164,0.3370479041,0,100.0,20.0
1.7,6,1.44298587371,0.278068125651,0.418670161771,0,100.0,20.0
1.7,7,1.32790511392,0.370652073373,0.498534234666,0,100.0,20.0
1.7,8,1.34594204121,0.458641583599,0.612826031436,0,100.0,20.0
1.7,9,1.43875503769,0.581508155653,0.726062333201,0,100.0,20.0
1.7,10,1.53183471206,0.73114415369,0.825805326019,0,100.0,20.0
1.7,11,1.50978278127,0.986672649961,0.990643791637,0,100.0,20.0
2.9,0,0.00701277100038,,-0.000121274661233,0,100.0,20.0
2.9,1,1.47286525232,0.737836683542,0.0580629825486,0,100.0,20.0
2.9,2,1.36414974348,0.243460648735,0.115312456098,0,100.0,20.0
2.9,3,1.32591141383,0.116377805496,0.198413361225,0,100.0,20.0
2.9,4,1.23826918844,0.164325176257,0.264396162462,0,100.0,20.0
2.9,5,1.20243126572,,0.3370479041,0,100.0,20.0
2.9,6,1.37638469502,0.26965671715,0.418670161771,0,100.0,20.0
2.9,7,1.54966015163,0.359552812805,0.498534234666,0,100.0,20.0
2.9,8,1.4664233309,0.45152518397,0.612826031436,0,100.0,20.0
2.9,9,1.39901963266,0.586814930743,0.726062333201,0,100.0,20.0
2.9,10,1.52740404993,0.731041605739,0.825805326019,0,100.0,20.0
2.9,11,1.47717188633,0.979286807395,0.990643791637,0,100.0,20.0
4.9,0,0.00801668629273,,-0.000121274661233,0,100.0,20.0
4.9,1,1.38458478945,,0.0580629825486,0,100.0,20.0
4.9,2,1.33189872558,0.475015268586,0.115312456098,0,100.0,20.0
4.9,3,1.29037379984,0.127636022881,0.198413361225,0,100.0,20.0
4.9,4,1.40316385308,0.168778456864,0.264396162462,0,100.0,20.0
4.9,5,1.37638469502,0.211704114914,0.3370479041,0,100.0,20.0
4.9,6,1.4600029166,0.281894024116,0.418670161771,0,100.0,20.0
4.9,7,1.36008866335,0.362225223732,0.498534234666,0,100.0,20.0
4.9,8,1.43242618509,0.451469669553,0.612826031436,0,100.0,20.0
4.9,9,1.49667198842,0.564596519788,0.726062333201,0,100.0,20.0
4.9,10,1.47501736377,0.733965655485,0.825805326019,0,100.0,20.0
4.9,11,1.45147557253,0.986380055084,0.990643791637,0,100.0,20.0
8.4,0,0.0231386465843,,-0.000121274661233,0,100.0,20.0
8.4,1,1.37843144293,0.920407791051,0.0580629825486,0,100.0,20.0
8.4,2,1.35603614118,0.807493166895,0.115312456098,0,100.0,20.0
8.4,3,1.1399211664,0.33430741522,0.198413361225,0,100.0,20.0
8.4,4,1.41147918285,0.198909592979,0.264396162462,0,100.0,20.0
8.4,5,1.46856824125,0.208191252952,0.3370479041,0,100.0,20.0
8.4,6,1.40523931714,0.271238597788,0.418670161771,0,100.0,20.0
8.4,7,1.31795721859,0.376899145138,0.498534234666,0,100.0,20.0
8.4,8,1.52077713814,0.44808761973,0.612826031436,0,100.0,20.0
8.4,9,1.49667198842,0.58646747074,0.726062333201,0,100.0,20.0
8.4,10,1.64135335341,0.741771049167,0.825805326019,0,100.0,20.0
8.4,11,1.53405387701,0.9872982383,0.990643791637,0,100.0,20.0
14.2,0,0.00500651128868,,-0.000121274661233,0,100.0,20.0
14.2,1,1.47501736377,0.948198631501,0.0580629825486,0,100.0,20.0
14.2,2,1.40939697717,0.91579777202,0.115312456098,0,100.0,20.0
14.2,3,1.1782898159,0.758595352889,0.198413361225,0,100.0,20.0
14.2,4,1.16175228427,0.376992840957,0.264396162462,0,100.0,20.0
14.2,5,1.30214685286,0.295913263663,0.3370479041,0,100.0,20.0
14.2,6,1.36821941779,0.27625232908,0.418670161771,0,100.0,20.0
14.2,7,1.53183471206,0.378090647751,0.498534234666,0,100.0,20.0
14.2,8,1.44298587371,0.448526149656,0.612826031436,0,100.0,20.0
14.2,9,1.72288469659,0.590788638906,0.726062333201,0,100.0,20.0
14.2,10,1.40523931714,0.730279788951,0.825805326019,0,100.0,20.0
14.2,11,1.40731702356,,0.990643791637,0,100.0,20.0
24.1,0,0.00600937951447,,-0.000121274661233,0,100.0,20.0
24.1,1,1.43032118762,0.950110459332,0.0580629825486,0,100.0,20.0
24.1,2,1.32790511392,0.953656523069,0.115312456098,0,100.0,20.0
24.1,3,1.38869798615,0.872662511143,0.198413361225,0,100.0,20.0
24.1,4,1.30017966537,0.790421269355,0.264396162462,0,100.0,20.0
24.1,5,1.19125138776,0.663887201424,0.3370479041,0,100.0,20.0
24.1,6,1.37229772275,0.382950102956,0.418670161771,0,100.0,20.0
24.1,7,1.46428081022,0.388677987286,0.498534234666,0,100.0,20.0
24.1,8,1.36008866335,0.452740527019,0.612826031436,0,100.0,20.0
24.1,9,1.33790473647,0.603606699723,0.726062333201,0,100.0,20.0
24.1,10,1.5518999942,0.729314587407,0.825805326019,0,100.0,20.0
24.1,11,1.73270790066,0.98715974955,0.990643791637,0,100.0,20.0
41.0,0,0.0130441390324,,-0.000121274661233,0,100.0,20.0
41.0,1,1.63900692673,0.973077976849,0.0580629825486,0,100.0,20.0
41.0,2,1.48148818649,0.971844459181,0.115312456098,0,100.0,20.0
41.0,3,1.43242618509,0.966720676693,0.198413361225,0,100.0,20.0
41.0,4,1.52298357234,0.96148072385,0.264396162462,0,100.0,20.0
41.0,5,1.38869798615,0.932271031498,0.3370479041,0,100.0,20.0
41.0,6,1.23066866172,0.824851820492,0.418670161771,0,100.0,20.0
41.0,7,1.44510478735,0.859402548193,0.498534234666,0,100.0,20.0
41.0,8,1.50103232865,0.746392811886,0.612826031436,0,100.0,20.0
41.0,9,1.6110708735,0.704249632321,0.726062333201,0,100.0,20.0
41.0,10,1.45786753308,0.745408766039,0.825805326019,0,100.0,20.0
41.0,11,1.77502553391,0.987070375265,0.990643791637,0,100.0,20.0
0.0,0,1.25164282379,,0.000340916579115,1,100.0,20.0
0.0,1,1.62033787318,0.846397429827,0.0443767445187,1,100.0,20.0
0.0,2,1.6840860964,0.216027745506,0.0900807581116,1,100.0,20.0
0.0,3,1.54518827769,,0.151535886526,1,100.0,20.0
0.0,4,1.47501736377,0.128753146162,0.199246769256,1,100.0,20.0
0.0,5,1.37229772275,0.177315413459,0.254009711778,1,100.0,20.0
0.0,6,1.50978278127,0.23558485416,0.353239998953,1,100.0,20.0
0.0,7,1.42192416361,0.3157320272,0.443138313436,1,100.0,20.0
0.0,8,1.4600029166,0.412708497128,0.546140482954,1,100.0,20.0
0.0,9,1.43875503769,0.525361051648,0.637818786092,1,100.0,20.0
0.0,10,1.06540677157,0.708024072746,0.810194325602,1,100.0,20.0
0.0,11,1.17460249914,0.982842325901,0.993714476928,1,100.0,20.0
1.7,0,1.28256494951,,0.000340916579115,1,100.0,20.0
1.7,1,1.41983062407,0.857600629422,0.0443767445187,1,100.0,20.0
1.7,2,1.0688903648,,0.0900807581116,1,100.0,20.0
1.7,3,1.73270790066,0.101143272389,0.151535886526,1,100.0,20.0
1.7,4,1.45786753308,0.12973564449,0.199246769256,1,100.0,20.0
1.7,5,1.525192541,0.180184881437,0.254009711778,1,100.0,20.0
1.7,6,1.48364997495,0.232865120498,0.353239998953,1,100.0,20.0
1.7,7,1.17276148865,0.308975378765,0.443138313436,1,100.0,20.0
1.7,8,1.43875503769,0.419784579934,0.546140482954,1,100.0,20.0
1.7,9,1.38253148549,0.517600340929,0.637818786092,1,100.0,20.0
1.7,10,1.26125268426,0.706981691886,0.810194325602,1,100.0,20.0
1.7,11,0.985307949727,0.984849896157,0.993714476928,1,100.0,20.0
2.9,0,1.32990088307,,0.000340916579115,1,100.0,20.0
2.9,1,1.47717188633,0.921480103163,0.0443767445187,1,100.0,20.0
2.9,2,1.50540257788,0.432602933883,0.0900807581116,1,100.0,20.0
2.9,3,1.41356364547,0.190104892879,0.151535886526,1,100.0,20.0
2.9,4,1.47501736377,0.141644184117,0.199246769256,1,100.0,20.0
2.9,5,1.46428081022,,0.254009711778,1,100.0,20.0
2.9,6,1.30214685286,0.242130694431,0.353239998953,1,100.0,20.0
2.9,7,1.30017966537,0.315017037956,0.443138313436,1,100.0,20.0
2.9,8,1.60645406611,0.409557470947,0.546140482954,1,100.0,20.0
2.9,9,1.64370264657,0.525815909584,0.637818786092,1,100.0,20.0
2.9,10,1.41773936116,0.708180161734,0.810194325602,1,100.0,20.0
2.9,11,1.04808283763,0.988993298155,0.993714476928,1,100.0,20.0
4.9,0,1.39695086668,,0.000340916579115,1,100.0,20.0
4.9,1,1.45147557253,0.919627196097,0.0443767445187,1,100.0,20.0
4.9,2,1.29625131706,,0.0900807581116,1,100.0,20.0
4.9,3,1.36211813141,0.427516518428,0.151535886526,1,100.0,20.0
4.9,4,1.5789835871,0.163023022243,0.199246769256,1,100.0,20.0
4.9,5,1.51857323258,,0.254009711778,1,100.0,20.0
4.9,6,1.53405387701,0.246051703967,0.353239998953,1,100.0,20.0
4.9,7,1.47932882543,,0.443138313436,1,100.0,20.0
4.9,8,1.66735478956,0.389505086684,0.546140482954,1,100.0,20.0
4.9,9,1.68168697896,0.548650962401,0.637818786092,1,100.0,20.0
4.9,10,1.5518999942,0.706408822695,0.810194325602,1,100.0,20.0
4.9,11,1.6792908508,0.978723746376,0.993714476928,1,100.0,20.0
8.4,0,1.42192416361,,0.000340916579115,1,100.0,20.0
8.4,1,1.54742291481,0.954617123489,0.0443767445187,1,100.0,20.0
8.4,2,1.49232151236,0.606066269283,0.0900807581116,1,100.0,20.0
8.4,3,1.29037379984,0.621758578602,0.151535886526,1,100.0,20.0
8.4,4,1.4600029166,0.281354966806,0.199246769256,1,100.0,20.0
8.4,5,1.42192416361,0.209179719024,0.254009711778,1,100.0,20.0
8.4,6,1.34392956366,0.236750189205,0.353239998953,1,100.0,20.0
8.4,7,1.56765236636,0.31095125202,0.443138313436,1,100.0,20.0
8.4,8,1.49885092272,0.420192741699,0.546140482954,1,100.0,20.0
8.4,9,1.37025748915,0.533873188287,0.637818786092,1,100.0,20.0
8.4,10,1.51637184987,0.730954757129,0.810194325602,1,100.0,20.0
8.4,11,1.43875503769,0.98420828156,0.993714476928,1,100.0,20.0
14.2,0,1.24398936198,,0.000340916579115,1,100.0,20.0
14.2,1,1.39695086668,0.969629050534,0.0443767445187,1,100.0,20.0
14.2,2,1.52077713814,0.942843805715,0.0900807581116,1,100.0,20.0
14.2,3,1.28061768136,0.856716390748,0.151535886526,1,100.0,20.0
14.2,4,1.32990088307,0.787765081963,0.199246769256,1,100.0,20.0
14.2,5,1.2689752987,0.541862760966,0.254009711778,1,100.0,20.0
14.2,6,1.4408692922,0.366002765526,0.353239998953,1,100.0,20.0
14.2,7,1.41983062407,0.334073830752,0.443138313436,1,100.0,20.0
14.2,8,1.51417298424,0.420204109822,0.546140482954,1,100.0,20.0
14.2,9,1.65785899589,0.532038357405,0.637818786092,1,100.0,20.0
14.2,10,1.79018631589,0.713128780753,0.810194325602,1,100.0,20.0
14.2,11,1.84943576039,0.982021119525,0.993714476928,1,100.0,20.0
24.1,0,1.24208074633,,0.000340916579115,1,100.0,20.0
24.1,1,1.51417298424,0.97701495419,0.0443767445187,1,100.0,20.0
24.1,2,1.63666335953,0.970539800184,0.0900807581116,1,100.0,20.0
24.1,3,1.67450753253,0.968263874867,0.151535886526,1,100.0,20.0
24.1,4,1.40316385308,0.913222210778,0.199246769256,1,100.0,20.0
24.1,5,1.52077713814,0.834705939864,0.254009711778,1,100.0,20.0
24.1,6,1.40523931714,,0.353239998953,1,100.0,20.0
24.1,7,1.56765236636,0.587711747939,0.443138313436,1,100.0,20.0
24.1,8,1.6110708735,0.48191550967,0.546140482954,1,100.0,20.0
24.1,9,1.60414981218,0.541693776105,0.637818786092,1,100.0,20.0
24.1,10,1.61569879132,0.711806615508,0.810194325602,1,100.0,20.0
24.1,11,2.10060033869,0.98662749167,0.993714476928,1,100.0,20.0
41.0,0,1.45360386629,,0.000340916579115,1,100.0,20.0
41.0,1,1.72533579747,0.968328584559,0.0443767445187,1,100.0,20.0
41.0,2,1.67212032764,0.972270677106,0.0900807581116,1,100.0,20.0
41.0,3,1.5789835871,0.98336985795,0.151535886526,1,100.0,20.0
41.0,4,1.54295623423,0.977085781101,0.199246769256,1,100.0,20.0
41.0,5,1.67689770446,0.960316738014,0.254009711778,1,100.0,20.0
41.0,6,1.45360386629,0.965217573533,0.353239998953,1,100.0,20.0
41.0,7,1.54295623423,0.934495547771,0.443138313436,1,100.0,20.0
41.0,8,1.59496030747,0.903625148257,0.546140482954,1,100.0,20.0
41.0,9,1.88908404323,0.803078551413,0.637818786092,1,100.0,20.0
41.0,10,1.5789835871,0.779970463521,0.810194325602,1,100.0,20.0
41.0,11,1.68889332898,0.990190458535,0.993714476928,1,100.0,20.0
0.0,0,0.0100260904863,,0.000417685596839,2,100.0,20.0
0.0,1,0.967033565609,0.379365354397,0.0631195320643,2,100.0,20.0
0.0,2,1.40109062652,0.0765471431306,0.123847229628,2,100.0,20.0
0.0,3,1.39075788829,0.118210457768,0.17798889428,2,100.0,20.0
0.0,4,1.47932882543,0.163663721989,0.257630162739,2,100.0,20.0
0.0,5,1.40316385308,0.249742952614,0.368858147062,2,100.0,20.0
0.0,6,1.62033787318,0.317116630244,0.43835423839,2,100.0,20.0
0.0,7,1.33991091568,,0.50053000376,2,100.0,20.0
0.0,8,1.38869798615,0.515453273944,0.633220373653,2,100.0,20.0
0.0,9,1.77754404533,0.643284985749,0.739417509856,2,100.0,20.0
0.0,10,1.4664233309,0.798063331274,0.878008662941,2,100.0,20.0
0.0,11,1.40939697717,0.990578445912,0.992765554962,2,100.0,20.0
1.7,0,0.0130441390324,,0.000417685596839,2,100.0,20.0
1.7,1,1.13450189189,0.416277031033,0.0631195320643,2,100.0,20.0
1.7,2,1.48364997495,0.0859657682641,0.123847229628,2,100.0,20.0
1.7,3,1.29233097698,0.121629125045,0.17798889428,2,100.0,20.0
1.7,4,1.34392956366,0.181313411037,0.257630162739,2,100.0,20.0
1.7,5,1.42401998475,0.245122693337,0.368858147062,2,100.0,20.0
1.7,6,1.54742291481,0.323723138605,0.43835423839,2,100.0,20.0
1.7,7,1.57444308372,,0.50053000376,2,100.0,20.0
1.7,8,1.55638752092,0.521354375296,0.633220373653,2,100.0,20.0
1.7,9,1.32790511392,0.614532318133,0.739417509856,2,100.0,20.0
1.7,10,1.39075788829,0.803738966739,0.878008662941,2,100.0,20.0
1.7,11,1.20056343337,0.989062932325,0.992765554962,2,100.0,20.0
2.9,0,0.00801668629273,,0.000417685596839,2,100.0,20.0
2.9,1,1.27867238298,0.623540856775,0.0631195320643,2,100.0,20.0
2.9,2,1.40523931714,0.101614440542,0.123847229628,2,100.0,20.0
2.9,3,1.30608727508,0.119322642994,0.17798889428,2,100.0,20.0
2.9,4,1.42192416361,0.177271219313,0.257630162739,2,100.0,20.0
2.9,5,1.5699132755,0.253879657538,0.368858147062,2,100.0,20.0
2.9,6,1.50978278127,0.330155690187,0.43835423839,2,100.0,20.0
2.9,7,1.5518999942,,0.50053000376,2,100.0,20.0
2.9,8,1.32790511392,0.514966577166,0.633220373653,2,100.0,20.0
2.9,9,1.42192416361,0.645443002873,0.739417509856,2,100.0,20.0
2.9,10,1.65785899589,0.803536965919,0.878008662941,2,100.0,20.0
2.9,11,1.70338755161,0.991923742226,0.992765554962,2,100.0,20.0
4.9,0,0.0100260904863,,0.000417685596839,2,100.0,20.0
4.9,1,1.33590064795,0.819594124957,0.0631195320643,2,100.0,20.0
4.9,2,1.27672905039,0.40761200677,0.123847229628,2,100.0,20.0
4.9,3,1.40316385308,0.131986870349,0.17798889428,2,100.0,20.0
4.9,4,1.34191918995,0.176508015764,0.257630162739,2,100.0,20.0
4.9,5,1.28256494951,0.253892945492,0.368858147062,2,100.0,20.0
4.9,6,1.39488432381,0.324778659983,0.43835423839,2,100.0,20.0
4.9,7,1.45147557253,,0.50053000376,2,100.0,20.0
4.9,8,1.26318043243,0.512834364297,0.633220373653,2,100.0,20.0
4.9,9,1.40109062652,0.646213817695,0.739417509856,2,100.0,20.0
4.9,10,1.45786753308,0.808211220682,0.878008662941,2,100.0,20.0
4.9,11,1.57671199536,0.990296212301,0.992765554962,2,100.0,20.0
8.4,0,0.00801668629273,,0.000417685596839,2,100.0,20.0
8.4,1,1.31201308864,0.892946716519,0.0631195320643,2,100.0,20.0
8.4,2,1.33991091568,0.678396600319,0.123847229628,2,100.0,20.0
8.4,3,1.19869741345,0.245536482505,0.17798889428,2,100.0,20.0
8.4,4,1.29429014803,0.185030857996,0.257630162739,2,100.0,20.0
8.4,5,1.47717188633,0.256224802306,0.368858147062,2,100.0,20.0
8.4,6,1.71799184729,0.318103648855,0.43835423839,2,100.0,20.0
8.4,7,1.51197662995,,0.50053000376,2,100.0,20.0
8.4,8,1.28451419142,0.510540759731,0.633220373653,2,100.0,20.0
8.4,9,1.47071554661,,0.739417509856,2,100.0,20.0
8.4,10,1.42192416361,0.79102183991,0.878008662941,2,100.0,20.0
8.4,11,1.57444308372,0.992806047174,0.992765554962,2,100.0,20.0
14.2,0,0.00701277100038,,0.000417685596839,2,100.0,20.0
14.2,1,1.31003578787,0.912300014429,0.0631195320643,2,100.0,20.0
14.2,2,1.33590064795,0.854878969169,0.123847229628,2,100.0,20.0
14.2,3,1.2728482667,0.648585352189,0.17798889428,2,100.0,20.0
14.2,4,1.35199214098,0.347556848635,0.257630162739,2,100.0,20.0
14.2,5,1.36618350409,0.279004717494,0.368858147062,2,100.0,20.0
14.2,6,1.34594204121,0.317069854553,0.43835423839,2,100.0,20.0
14.2,7,1.29821448814,,0.50053000376,2,100.0,20.0
14.2,8,1.32391977852,0.522212789908,0.633220373653,2,100.0,20.0
14.2,9,1.40523931714,0.640811836586,0.739417509856,2,100.0,20.0
14.2,10,1.32391977852,0.793713139707,0.878008662941,2,100.0,20.0
14.2,11,1.52740404993,0.989551103864,0.992765554962,2,100.0,20.0
24.1,0,0.00801668629273,,0.000417685596839,2,100.0,20.0
24.1,1,1.44298587371,0.949226350619,0.0631195320643,2,100.0,20.0
24.1,2,1.19311019307,0.944046349649,0.123847229628,2,100.0,20.0
24.1,3,1.22687963351,0.87345957112,0.17798889428,2,100.0,20.0
24.1,4,1.18383408143,0.802169911225,0.257630162739,2,100.0,20.0
24.1,5,1.18013612896,0.619876928604,0.368858147062,2,100.0,20.0
24.1,6,1.48364997495,0.412441269358,0.43835423839,2,100.0,20.0
24.1,7,1.34594204121,,0.50053000376,2,100.0,20.0
24.1,8,1.45147557253,0.509450515699,0.633220373653,2,100.0,20.0
24.1,9,1.30806051808,0.640290556507,0.739417509856,2,100.0,20.0
24.1,10,1.49449552016,0.811792694854,0.878008662941,2,100.0,20.0
24.1,11,1.50103232865,0.990370240219,0.992765554962,2,100.0,20.0
41.0,0,0.0170755857819,,0.000417685596839,2,100.0,20.0
41.0,1,1.41983062407,0.974964835537,0.0631195320643,2,100.0,20.0
41.0,2,1.32591141383,0.964287174263,0.123847229628,2,100.0,20.0
41.0,3,1.41773936116,0.960208621142,0.17798889428,2,100.0,20.0
41.0,4,1.37638469502,0.941771137599,0.257630162739,2,100.0,20.0
41.0,5,1.0688903648,0.934410498507,0.368858147062,2,100.0,20.0
41.0,6,1.45573451806,0.821775786559,0.43835423839,2,100.0,20.0
41.0,7,1.36008866335,,0.50053000376,2,100.0,20.0
41.0,8,1.53849990425,0.835798409325,0.633220373653,2,100.0,20.0
41.0,9,1.66260103167,0.756247661677,0.739417509856,2,100.0,20.0
41.0,10,1.34392956366,0.841204560833,0.878008662941,2,100.0,20.0
41.0,11,1.81315397521,0.990899107327,0.992765554962,2,100.0,20.0
0.0,0,0.00300234243645,,-0.000121274661233,0,100.0,100.0
0.0,1,1.59725357014,0.984219499811,0.0580629825486,0,100.0,100.0
0.0,2,1.48364997495,0.975227578517,0.115312456098,0,100.0,100.0
0.0,3,1.37638469502,0.947948691391,0.198413361225,0,100.0,100.0
0.0,4,1.40731702356,0.801908180213,0.264396162462,0,100.0,100.0
0.0,5,1.57671199536,0.53253322305,0.3370479041,0,100.0,100.0
0.0,6,1.41773936116,0.412397426311,0.418670161771,0,100.0,100.0
0.0,7,1.51637184987,0.442898419348,0.498534234666,0,100.0,100.0
0.0,8,1.37843144293,0.51398185895,0.612826031436,0,100.0,100.0
0.0,9,1.55638752092,0.619889116351,0.726062333201,0,100.0,100.0
0.0,10,1.56313850674,0.7528337102,0.825805326019,0,100.0,100.0
0.0,11,1.735171562,0.986154455057,0.990643791637,0,100.0,100.0
1.7,0,0.00300234243645,,-0.000121274661233,0,100.0,100.0
1.7,1,1.38048037154,0.981618492528,0.0580629825486,0,100.0,100.0
1.7,2,1.4600029166,0.978985480403,0.115312456098,0,100.0,100.0
1.7,3,1.33389864576,0.920757257739,0.198413361225,0,100.0,100.0
1.7,4,1.28256494951,0.602242230285,0.264396162462,0,100.0,100.0
1.7,5,1.31994268516,0.367494460761,0.3370479041,0,100.0,100.0
1.7,6,1.33991091568,0.368838500623,0.418670161771,0,100.0,100.0
1.7,7,1.23826918844,0.400190697017,0.498534234666,0,100.0,100.0
1.7,8,1.52298357234,0.487964944688,0.612826031436,0,100.0,100.0
1.7,9,1.59496030747,0.613498025868,0.726062333201,0,100.0,100.0
1.7,10,1.61801693338,0.718251431248,0.825805326019,0,100.0,100.0
1.7,11,1.66973608243,0.985404415626,0.990643791637,0,100.0,100.0
2.9,0,0.00300234243645,,-0.000121274661233,0,100.0,100.0
2.9,1,1.41773936116,0.986672408626,0.0580629825486,0,100.0,100.0
2.9,2,1.30214685286,0.977787845218,0.115312456098,0,100.0,100.0
2.9,3,1.37025748915,0.955505070399,0.198413361225,0,100.0,100.0
2.9,4,1.2864654111,0.857722019245,0.264396162462,0,100.0,100.0
2.9,5,1.25932686659,0.548938587854,0.3370479041,0,100.0,100.0
2.9,6,1.45786753308,0.378754568546,0.418670161771,0,100.0,100.0
2.9,7,1.40523931714,0.432638568862,0.498534234666,0,100.0,100.0
2.9,8,1.44722603825,0.493753612406,0.612826031436,0,100.0,100.0
2.9,9,1.50540257788,0.601000826987,0.726062333201,0,100.0,100.0
2.9,10,1.45573451806,0.749323882621,0.825805326019,0,100.0,100.0
2.9,11,1.58581450644,0.984760719665,0.990643791637,0,100.0,100.0
4.9,0,0.00600937951447,,-0.000121274661233,0,100.0,100.0
4.9,1,1.34594204121,0.97723255192,0.0580629825486,0,100.0,100.0
4.9,2,1.31201308864,0.98239504072,0.115312456098,0,100.0,100.0
4.9,3,1.28061768136,0.969078781148,0.198413361225,0,100.0,100.0
4.9,4,1.29625131706,0.94216457834,0.264396162462,0,100.0,100.0
4.9,5,1.22877321443,0.743368116254,0.3370479041,0,100.0,100.0
4.9,6,1.36414974348,0.556551491435,0.418670161771,0,100.0,100.0
4.9,7,1.43032118762,0.454007044739,0.498534234666,0,100.0,100.0
4.9,8,1.37229772275,0.522994513865,0.612826031436,0,100.0,100.0
4.9,9,1.32591141383,0.622259222472,0.726062333201,0,100.0,100.0
4.9,10,1.54295623423,0.757440562884,0.825805326019,0,100.0,100.0
4.9,11,1.67212032764,0.987560562367,0.990643791637,0,100.0,100.0
8.4,0,0.00300234243645,,-0.000121274661233,0,100.0,100.0
8.4,1,1.38048037154,0.985357664356,0.0580629825486,0,100.0,100.0
8.4,2,1.42821849175,0.98374550126,0.115312456098,0,100.0,100.0
8.4,3,1.37638469502,0.973759808522,0.198413361225,0,100.0,100.0
8.4,4,1.28451419142,0.97192030726,0.264396162462,0,100.0,100.0
8.4,5,1.33389864576,0.859170500184,0.3370479041,0,100.0,100.0
8.4,6,1.34191918995,0.760187748944,0.418670161771,0,100.0,100.0
8.4,7,1.37025748915,,0.498534234666,0,100.0,100.0
8.4,8,1.25356095799,0.583976818127,0.612826031436,0,100.0,100.0
8.4,9,1.35806133477,0.649473649461,0.726062333201,0,100.0,100.0
8.4,10,1.43875503769,0.763482366773,0.825805326019,0,100.0,100.0
8.4,11,1.69371260861,0.98749705624,0.990643791637,0,100.0,100.0
14.2,0,0.00500651128868,,-0.000121274661233,0,100.0,100.0
14.2,1,1.37434012317,0.986200254161,0.0580629825486,0,100.0,100.0
14.2,2,1.35401307807,0.98646106581,0.115312456098,0,100.0,100.0
14.2,3,1.30608727508,0.981447506787,0.198413361225,0,100.0,100.0
14.2,4,1.30806051808,0.985468768187,0.264396162462,0,100.0,100.0
14.2,5,1.30017966537,0.970825108862,0.3370479041,0,100.0,100.0
14.2,6,1.24972660089,0.953690473173,0.418670161771,0,100.0,100.0
14.2,7,1.2689752987,0.876060697271,0.498534234666,0,100.0,100.0
14.2,8,1.39281999927,0.808424243037,0.612826031436,0,100.0,100.0
14.2,9,1.46214067388,0.744763781878,0.726062333201,0,100.0,100.0
14.2,10,1.42401998475,0.77823973171,0.825805326019,0,100.0,100.0
14.2,11,1.70096424882,0.989857273356,0.990643791637,0,100.0,100.0
24.1,0,0.00400416577755,,-0.000121274661233,0,100.0,100.0
24.1,1,1.36211813141,0.988953633946,0.0580629825486,0,100.0,100.0
24.1,2,1.31994268516,0.985029883506,0.115312456098,0,100.0,100.0
24.1,3,1.30806051808,0.983655267067,0.198413361225,0,100.0,100.0
24.1,4,1.31795721859,0.985372551616,0.264396162462,0,100.0,100.0
24.1,5,1.29233097698,0.981847368673,0.3370479041,0,100.0,100.0
24.1,6,1.32391977852,0.978870060253,0.418670161771,0,100.0,100.0
24.1,7,1.33790473647,,0.498534234666,0,100.0,100.0
24.1,8,1.32391977852,0.959096151226,0.612826031436,0,100.0,100.0
24.1,9,1.41147918285,0.883098462901,0.726062333201,0,100.0,100.0
24.1,10,1.71555008303,0.859144522055,0.825805326019,0,100.0,100.0
24.1,11,1.70338755161,0.986088952151,0.990643791637,0,100.0,100.0
41.0,0,0.00400416577755,,-0.000121274661233,0,100.0,100.0
41.0,1,1.47071554661,0.987066116934,0.0580629825486,0,100.0,100.0
41.0,2,1.49014995947,0.986501178723,0.115312456098,0,100.0,100.0
41.0,3,1.39695086668,0.991475501075,0.198413361225,0,100.0,100.0
41.0,4,1.44510478735,0.990809591097,0.264396162462,0,100.0,100.0
41.0,5,1.34795662699,0.987142087282,0.3370479041,0,100.0,100.0
41.0,6,1.30017966537,0.990065811354,0.418670161771,0,100.0,100.0
41.0,7,1.30214685286,0.993294987306,0.498534234666,0,100.0,100.0
41.0,8,1.4408692922,0.98708341096,0.612826031436,0,100.0,100.0
41.0,9,1.42821849175,0.985606530237,0.726062333201,0,100.0,100.0
41.0,10,1.49014995947,0.968940681147,0.825805326019,0,100.0,100.0
41.0,11,1.48581419627,0.991553633311,0.990643791637,0,100.0,100.0
0.0,0,1.29233097698,,0.000340916579115,1,100.0,100.0
0.0,1,1.66497644173,0.988191094068,0.0443767445187,1,100.0,100.0
0.0,2,1.74505789123,0.986777676543,0.0900807581116,1,100.0,100.0
0.0,3,1.59266977626,0.976125480093,0.151535886526,1,100.0,100.0
0.0,4,1.58581450644,0.924275971462,0.199246769256,1,100.0,100.0
0.0,5,1.53183471206,,0.254009711778,1,100.0,100.0
0.0,6,1.5880968822,0.489563956683,0.353239998953,1,100.0,100.0
0.0,7,1.53849990425,0.461832107139,0.443138313436,1,100.0,100.0
0.0,8,1.64370264657,0.490056016953,0.546140482954,1,100.0,100.0
0.0,9,1.54966015163,0.554953870762,0.637818786092,1,100.0,100.0
0.0,10,1.56313850674,0.71907853964,0.810194325602,1,100.0,100.0
0.0,11,1.80802629296,0.988183044944,0.993714476928,1,100.0,100.0
1.7,0,1.16175228427,,0.000340916579115,1,100.0,100.0
1.7,1,1.44934963159,0.988209080544,0.0443767445187,1,100.0,100.0
1.7,2,1.40939697717,0.984827190565,0.0900807581116,1,100.0,100.0
1.7,3,1.38048037154,0.975896643878,0.151535886526,1,100.0,100.0
1.7,4,1.28841861256,0.866346710826,0.199246769256,1,100.0,100.0
1.7,5,1.22877321443,0.602371728753,0.254009711778,1,100.0,100.0
1.7,6,1.26318043243,0.385405464816,0.353239998953,1,100.0,100.0
1.7,7,1.4600029166,0.37480385089,0.443138313436,1,100.0,100.0
1.7,8,1.45786753308,0.459853599662,0.546140482954,1,100.0,100.0
1.7,9,1.46428081022,0.534397185577,0.637818786092,1,100.0,100.0
1.7,10,1.47501736377,0.721539278224,0.810194325602,1,100.0,100.0
1.7,11,1.5518999942,0.99020957666,0.993714476928,1,100.0,100.0
2.9,0,1.33590064795,,0.000340916579115,1,100.0,100.0
2.9,1,1.40523931714,0.98001432406,0.0443767445187,1,100.0,100.0
2.9,2,1.39488432381,0.986875282973,0.0900807581116,1,100.0,100.0
2.9,3,1.33991091568,0.984518825812,0.151535886526,1,100.0,100.0
2.9,4,1.41356364547,0.954188777903,0.199246769256,1,100.0,100.0
2.9,5,1.22309805613,0.557326086589,0.254009711778,1,100.0,100.0
2.9,6,1.44298587371,0.552778412959,0.353239998953,1,100.0,100.0
2.9,7,1.33790473647,0.427202131667,0.443138313436,1,100.0,100.0
2.9,8,1.41565036993,0.472725521096,0.546140482954,1,100.0,100.0
2.9,9,1.40316385308,0.55930208405,0.637818786092,1,100.0,100.0
2.9,10,1.43875503769,0.713621455276,0.810194325602,1,100.0,100.0
2.9,11,1.53183471206,0.983784184624,0.993714476928,1,100.0,100.0
4.9,0,1.26704173576,,0.000340916579115,1,100.0,100.0
4.9,1,1.40939697717,0.993023609627,0.0443767445187,1,100.0,100.0
4.9,2,1.35199214098,0.989830560295,0.0900807581116,1,100.0,100.0
4.9,3,1.45360386629,0.987206064316,0.151535886526,1,100.0,100.0
4.9,4,1.29625131706,0.971319882959,0.199246769256,1,100.0,100.0
4.9,5,1.38253148549,0.919117676131,0.254009711778,1,100.0,100.0
4.9,6,1.20430091399,0.7126195522,0.353239998953,1,100.0,100.0
4.9,7,1.45360386629,0.435400413054,0.443138313436,1,100.0,100.0
4.9,8,1.5541424486,0.495398467459,0.546140482954,1,100.0,100.0
4.9,9,1.43664310506,0.561519245627,0.637818786092,1,100.0,100.0
4.9,10,1.44722603825,0.728104510914,0.810194325602,1,100.0,100.0
4.9,11,1.57217684587,0.987187993173,0.993714476928,1,100.0,100.0
8.4,0,1.38869798615,,0.000340916579115,1,100.0,100.0
8.4,1,1.49667198842,0.988359641873,0.0443767445187,1,100.0,100.0
8.4,2,1.39488432381,0.988173123669,0.0900807581116,1,100.0,100.0
8.4,3,1.38253148549,0.984235375544,0.151535886526,1,100.0,100.0
8.4,4,1.35401307807,0.986012305364,0.199246769256,1,100.0,100.0
8.4,5,1.24398936198,0.972253607361,0.254009711778,1,100.0,100.0
8.4,6,1.25164282379,0.923243658767,0.353239998953,1,100.0,100.0
8.4,7,1.36211813141,0.739280069376,0.443138313436,1,100.0,100.0
8.4,8,1.42821849175,0.578791508606,0.546140482954,1,100.0,100.0
8.4,9,1.39488432381,0.602300462494,0.637818786092,1,100.0,100.0
8.4,10,1.49014995947,0.745546354946,0.810194325602,1,100.0,100.0
8.4,11,1.59725357014,0.992931405683,0.993714476928,1,100.0,100.0
14.2,0,1.31399242455,,0.000340916579115,1,100.0,100.0
14.2,1,1.40939697717,0.992515268613,0.0443767445187,1,100.0,100.0
14.2,2,1.42821849175,0.990878223639,0.0900807581116,1,100.0,100.0
14.2,3,1.41147918285,0.984367358024,0.151535886526,1,100.0,100.0
14.2,4,1.35199214098,0.982425969689,0.199246769256,1,100.0,100.0
14.2,5,1.40316385308,0.981187971297,0.254009711778,1,100.0,100.0
14.2,6,1.32391977852,0.985748039463,0.353239998953,1,100.0,100.0
14.2,7,1.20056343337,0.94333023862,0.443138313436,1,100.0,100.0
14.2,8,1.46428081022,0.826342949667,0.546140482954,1,100.0,100.0
14.2,9,1.50321621183,0.748936864046,0.637818786092,1,100.0,100.0
14.2,10,1.49667198842,0.789225118174,0.810194325602,1,100.0,100.0
14.2,11,1.79272477389,0.989374345739,0.993714476928,1,100.0,100.0
24.1,0,1.32990088307,,0.000340916579115,1,100.0,100.0
24.1,1,1.37843144293,0.992502189365,0.0443767445187,1,100.0,100.0
24.1,2,1.41356364547,0.99010025365,0.0900807581116,1,100.0,100.0
24.1,3,1.40731702356,0.965846088506,0.151535886526,1,100.0,100.0
24.1,4,1.37638469502,0.990369656493,0.199246769256,1,100.0,100.0
24.1,5,1.38869798615,0.988940914428,0.254009711778,1,100.0,100.0
24.1,6,1.38253148549,0.9925978505,0.353239998953,1,100.0,100.0
24.1,7,1.29037379984,0.990036769505,0.443138313436,1,100.0,100.0
24.1,8,1.32391977852,0.977744984012,0.546140482954,1,100.0,100.0
24.1,9,1.27672905039,0.969855768634,0.637818786092,1,100.0,100.0
24.1,10,1.48581419627,0.899890861571,0.810194325602,1,100.0,100.0
24.1,11,1.47071554661,0.988425593934,0.993714476928,1,100.0,100.0
41.0,0,1.49885092272,,0.000340916579115,1,100.0,100.0
41.0,1,1.50759143247,0.990274165779,0.0443767445187,1,100.0,100.0
41.0,2,1.51197662995,0.986920461187,0.0900807581116,1,100.0,100.0
41.0,3,1.43664310506,0.988169537047,0.151535886526,1,100.0,100.0
41.0,4,1.49014995947,0.990964514474,0.199246769256,1,100.0,100.0
41.0,5,1.47071554661,0.992538197201,0.254009711778,1,100.0,100.0
41.0,6,1.47071554661,0.99164149097,0.353239998953,1,100.0,100.0
41.0,7,1.44722603825,0.987729521904,0.443138313436,1,100.0,100.0
41.0,8,1.4600029166,0.991282716522,0.546140482954,1,100.0,100.0
41.0,9,1.43664310506,0.991237899308,0.637818786092,1,100.0,100.0
41.0,10,1.33389864576,0.991338342297,0.810194325602,1,100.0,100.0
41.0,11,1.76248221515,0.991271830909,0.993714476928,1,100.0,100.0
0.0,0,0.00400416577755,,0.000417685596839,2,100.0,100.0
0.0,1,1.56088554384,0.970063546814,0.0631195320643,2,100.0,100.0
0.0,2,1.5699132755,0.894041752889,0.123847229628,2,100.0,100.0
0.0,3,1.62964974536,0.440819871818,0.17798889428,2,100.0,100.0
0.0,4,1.55638752092,0.224382179646,0.257630162739,2,100.0,100.0
0.0,5,1.64370264657,0.275064827092,0.368858147062,2,100.0,100.0
0.0,6,1.50103232865,0.332886749538,0.43835423839,2,100.0,100.0
0.0,7,1.54966015163,0.387208845742,0.50053000376,2,100.0,100.0
0.0,8,1.44934963159,0.536297487987,0.633220373653,2,100.0,100.0
0.0,9,1.59954957078,0.650698900037,0.739417509856,2,100.0,100.0
0.0,10,1.72533579747,0.8069675738,0.878008662941,2,100.0,100.0
0.0,11,1.56313850674,0.989554824405,0.992765554962,2,100.0,100.0
1.7,0,0.00400416577755,,0.000417685596839,2,100.0,100.0
1.7,1,1.40939697717,0.976782174738,0.0631195320643,2,100.0,100.0
1.7,2,1.45147557253,0.895087826828,0.123847229628,2,100.0,100.0
1.7,3,1.33189872558,0.581211207283,0.17798889428,2,100.0,100.0
1.7,4,1.41983062407,0.213583194346,0.257630162739,2,100.0,100.0
1.7,5,1.32391977852,0.275455175405,0.368858147062,2,100.0,100.0
1.7,6,1.53405387701,0.325539482081,0.43835423839,2,100.0,100.0
1.7,7,1.40523931714,0.402652858355,0.50053000376,2,100.0,100.0
1.7,8,1.47071554661,0.514653723177,0.633220373653,2,100.0,100.0
1.7,9,1.40523931714,0.642799912334,0.739417509856,2,100.0,100.0
1.7,10,1.5699132755,0.798566554163,0.878008662941,2,100.0,100.0
1.7,11,1.31994268516,0.988342289959,0.992765554962,2,100.0,100.0
2.9,0,0.00600937951447,,0.000417685596839,2,100.0,100.0
2.9,1,1.34997332544,0.98366625288,0.0631195320643,2,100.0,100.0
2.9,2,1.35806133477,0.949623927234,0.123847229628,2,100.0,100.0
2.9,3,1.31795721859,0.767702539083,0.17798889428,2,100.0,100.0
2.9,4,1.37025748915,0.321249915192,0.257630162739,2,100.0,100.0
2.9,5,1.32790511392,0.278932507198,0.368858147062,2,100.0,100.0
2.9,6,1.43875503769,0.329296847337,0.43835423839,2,100.0,100.0
2.9,7,1.31201308864,,0.50053000376,2,100.0,100.0
2.9,8,1.33189872558,0.523103408289,0.633220373653,2,100.0,100.0
2.9,9,1.53849990425,0.644753340053,0.739417509856,2,100.0,100.0
2.9,10,1.38253148549,0.803029151462,0.878008662941,2,100.0,100.0
2.9,11,1.51417298424,0.988866932786,0.992765554962,2,100.0,100.0
4.9,0,0.00500651128868,,0.000417685596839,2,100.0,100.0
4.9,1,1.30411605472,0.985754134082,0.0631195320643,2,100.0,100.0
4.9,2,1.30806051808,0.970075151044,0.123847229628,2,100.0,100.0
4.9,3,1.37025748915,0.922574195181,0.17798889428,2,100.0,100.0
4.9,4,1.3159737998,0.627068710055,0.257630162739,2,100.0,100.0
4.9,5,1.40316385308,0.314698547545,0.368858147062,2,100.0,100.0
4.9,6,1.33790473647,0.347256449584,0.43835423839,2,100.0,100.0
4.9,7,1.27091080771,0.401011894848,0.50053000376,2,100.0,100.0
4.9,8,1.525192541,0.509318072588,0.633220373653,2,100.0,100.0
4.9,9,1.35401307807,0.643350754802,0.739417509856,2,100.0,100.0
4.9,10,1.48364997495,0.803198321923,0.878008662941,2,100.0,100.0
4.9,11,1.50978278127,0.989099771514,0.992765554962,2,100.0,100.0
8.4,0,0.00500651128868,,0.000417685596839,2,100.0,100.0
8.4,1,1.31795721859,0.985856281802,0.0631195320643,2,100.0,100.0
8.4,2,1.32990088307,0.972155778255,0.123847229628,2,100.0,100.0
8.4,3,1.37025748915,0.947812545497,0.17798889428,2,100.0,100.0
8.4,4,1.28256494951,0.860877827049,0.257630162739,2,100.0,100.0
8.4,5,1.41356364547,0.385285626403,0.368858147062,2,100.0,100.0
8.4,6,1.24398936198,0.401468408072,0.43835423839,2,100.0,100.0
8.4,7,1.32391977852,0.417628475794,0.50053000376,2,100.0,100.0
8.4,8,1.44510478735,0.517272529078,0.633220373653,2,100.0,100.0
8.4,9,1.31994268516,0.653160501957,0.739417509856,2,100.0,100.0
8.4,10,1.44298587371,0.787910065673,0.878008662941,2,100.0,100.0
8.4,11,1.59038196999,0.979701987968,0.992765554962,2,100.0,100.0
14.2,0,0.00500651128868,,0.000417685596839,2,100.0,100.0
14.2,1,1.31201308864,0.985202642035,0.0631195320643,2,100.0,100.0
14.2,2,1.31399242455,0.982565328046,0.123847229628,2,100.0,100.0
14.2,3,1.31994268516,0.974995308066,0.17798889428,2,100.0,100.0
14.2,4,1.26125268426,0.955706988079,0.257630162739,2,100.0,100.0
14.2,5,1.37229772275,0.892172945078,0.368858147062,2,100.0,100.0
14.2,6,1.1399211664,0.789269474448,0.43835423839,2,100.0,100.0
14.2,7,1.37843144293,0.602963615919,0.50053000376,2,100.0,100.0
14.2,8,1.43453348922,0.575504467386,0.633220373653,2,100.0,100.0
14.2,9,1.53849990425,0.670542931241,0.739417509856,2,100.0,100.0
14.2,10,1.50759143247,0.790861402629,0.878008662941,2,100.0,100.0
14.2,11,1.90517510471,0.984417403143,0.992765554962,2,100.0,100.0
24.1,0,0.00500651128868,,0.000417685596839,2,100.0,100.0
24.1,1,1.30214685286,0.988110971605,0.0631195320643,2,100.0,100.0
24.1,2,1.35603614118,0.987360876888,0.123847229628,2,100.0,100.0
24.1,3,1.31003578787,0.983815101484,0.17798889428,2,100.0,100.0
24.1,4,1.39695086668,0.983164450009,0.257630162739,2,100.0,100.0
24.1,5,1.3866402881,0.976196543917,0.368858147062,2,100.0,100.0
24.1,6,1.39075788829,0.949864318002,0.43835423839,2,100.0,100.0
24.1,7,1.30017966537,0.890313822078,0.50053000376,2,100.0,100.0
24.1,8,1.44510478735,0.869875187678,0.633220373653,2,100.0,100.0
24.1,9,1.55863521728,0.818025671101,0.739417509856,2,100.0,100.0
24.1,10,1.66260103167,0.847515113684,0.878008662941,2,100.0,100.0
24.1,11,1.91327140857,0.985717409011,0.992765554962,2,100.0,100.0
41.0,0,0.00400416577755,,0.000417685596839,2,100.0,100.0
41.0,1,1.42611809247,0.990333998503,0.0631195320643,2,100.0,100.0
41.0,2,1.4408692922,0.973821559427,0.123847229628,2,100.0,100.0
41.0,3,1.36821941779,0.983599212035,0.17798889428,2,100.0,100.0
41.0,4,1.48364997495,0.983467265676,0.257630162739,2,100.0,100.0
41.0,5,1.46214067388,0.988566946593,0.368858147062,2,100.0,100.0
41.0,6,1.52740404993,0.987986539602,0.43835423839,2,100.0,100.0
41.0,7,1.62964974536,0.981337586575,0.50053000376,2,100.0,100.0
41.0,8,1.43242618509,0.982730606837,0.633220373653,2,100.0,100.0
41.0,9,1.50978278127,0.98071835985,0.739417509856,2,100.0,100.0
41.0,10,1.5541424486,0.974496268603,0.878008662941,2,100.0,100.0
41.0,11,1.87047974143,0.986002795976,0.992765554962,2,100.0,100.0
