ODf,culture_id,ff,replicate,amp,dilution,day
1.6840860963990254,0,0.031152266232569434,0,100.0,100.0,0
1.5789835871023483,1,0.06950165000227161,0,100.0,100.0,0
1.6413533534142115,2,0.1042983362668097,0,100.0,100.0,0
1.6961267849657014,3,0.13213366255725895,0,100.0,100.0,0
1.549660151631123,4,0.15979650370496915,0,100.0,100.0,0
1.7228846965892708,5,0.19304303391903765,0,100.0,100.0,0
1.7425815400429612,6,0.25174178099398803,0,100.0,100.0,0
1.6649764417327846,7,0.26341746330760063,0,100.0,100.0,0
1.592669776255018,8,0.3056671940277226,0,100.0,100.0,0
1.6768977044569822,9,0.34334174498765385,0,100.0,100.0,0
1.0549936951019026,10,0.38163685610162806,0,100.0,100.0,0
1.7228846965892708,11,0.4507983751155671,0,100.0,100.0,0
1.660228552130864,12,0.4999802085226239,0,100.0,100.0,0
1.813153975207099,13,0.5338991821159313,0,100.0,100.0,0
1.6460548132076793,14,0.5920911819529485,0,100.0,100.0,0
1.6507677951122643,15,0.6460758083959288,0,100.0,100.0,0
1.7750255339134264,16,0.6799531461887177,0,100.0,100.0,0
1.8080262929567057,17,0.7256290554153574,0,100.0,100.0,0
1.8080262929567057,18,0.7691102164923562,0,100.0,100.0,0
1.6985439958229895,19,0.8243891027529345,0,100.0,100.0,0
1.7599833392901039,20,0.8738420463274557,0,100.0,100.0,0
1.7851194301064905,21,0.9367017784817947,0,100.0,100.0,0
1.8157229526224825,22,0.995688809939709,0,100.0,100.0,0
1.750020180609624,23,0.031745947633363025,1,100.0,100.0,0
1.4557345180562946,24,0.06987775367854583,1,100.0,100.0,0
1.6768977044569822,25,0.10174663654152538,1,100.0,100.0,0
1.3080605180764022,26,0.13520241856440718,1,100.0,100.0,0
1.6840860963990254,27,0.1756847790169672,1,100.0,100.0,0
1.6649764417327846,28,0.2070207198601302,1,100.0,100.0,0
1.5744430837217132,29,0.22799923359497365,1,100.0,100.0,0
1.5721768458670988,30,0.29237590192778035,1,100.0,100.0,0
1.5676523663571995,31,0.3085304619870169,1,100.0,100.0,0
1.655492355742412,32,0.33770525005940577,1,100.0,100.0,0
1.5474229148134033,33,0.362642634961263,1,100.0,100.0,0
1.8208712258784518,34,0.44350257333183896,1,100.0,100.0,0
1.639006926730505,35,0.4902130927137013,1,100.0,100.0,0
1.8260333185919058,36,0.5476742010010488,1,100.0,100.0,0
1.679290850795592,37,0.5950144997283721,1,100.0,100.0,0
1.6018483159368282,38,0.6239192454194262,1,100.0,100.0,0
1.7327079006596113,39,0.6907710091754977,1,100.0,100.0,0
1.7699983844590355,40,0.7246771476753159,1,100.0,100.0,0
1.7800658593794376,41,0.7827764382938294,1,100.0,100.0,0
1.8029122467803491,42,0.8248114442826601,1,100.0,100.0,0
1.6626010316725781,43,0.8644086684446738,1,100.0,100.0,0
1.7155500830333419,44,0.929896126423044,1,100.0,100.0,0
1.7927247738931043,45,0.996516612629534,1,100.0,100.0,0
1.6649764417327846,46,0.018635281727616915,2,100.0,100.0,0
1.7549953077625722,47,0.030944239146267743,2,100.0,100.0,0
1.63666335953163,48,0.05160936236583852,2,100.0,100.0,0
1.772510316491642,49,0.07239016781824481,2,100.0,100.0,0
1.156271226738725,50,0.09004768164542748,2,100.0,100.0,0
1.3682194177939029,51,0.11394713167710407,2,100.0,100.0,0
1.5586352172845068,52,0.13821716073280102,2,100.0,100.0,0
1.6961267849657014,53,0.15419834260109844,2,100.0,100.0,0
1.594960307470882,54,0.16990131123547675,2,100.0,100.0,0
1.6110708735000927,55,0.1864408130957847,2,100.0,100.0,0
1.592669776255018,56,0.22509761949892038,2,100.0,100.0,0
1.790186315891379,57,0.268494204185257,2,100.0,100.0,0
1.8054675698935896,58,0.29654355485820316,2,100.0,100.0,0
1.7425815400429612,59,0.35225702534974207,2,100.0,100.0,0
1.713111415194469,60,0.372787037757979,2,100.0,100.0,0
1.6413533534142115,61,0.4211582982573706,2,100.0,100.0,0
1.520777138139883,62,0.4825299871293856,2,100.0,100.0,0
1.8468213809059133,63,0.5266037294000966,2,100.0,100.0,0
1.727790026434277,64,0.6167596848216744,2,100.0,100.0,0
1.6087610843371178,65,0.6988857346065147,2,100.0,100.0,0
1.8442105507832123,66,0.7461546284604095,2,100.0,100.0,0
1.7927247738931043,67,0.85504743323552,2,100.0,100.0,0
1.8338025320387914,68,0.9932904501234189,2,100.0,100.0,0
1.4240199847508959,0,0.9874937080497487,0,100.0,100.0,1
1.5972535701377262,1,0.9821631407018426,0,100.0,100.0,1
1.4750173637661552,2,0.9648291115551666,0,100.0,100.0,1
1.468568241251078,3,0.9106794751067468,0,100.0,100.0,1
1.599549570777821,4,0.7529100167565319,0,100.0,100.0,1
1.4642808102177682,5,0.334610455122816,0,100.0,100.0,1
1.345942041206419,6,0.3242346816555152,0,100.0,100.0,1
1.592669776255018,7,0.258053744795015,0,100.0,100.0,1
1.5097827812669435,8,0.33314687687095956,0,100.0,100.0,1
1.5032162118257573,9,0.29294032645476104,0,100.0,100.0,1
1.321930203717076,10,0.3224962526258615,0,100.0,100.0,1
1.3825314854882846,11,0.36611311953790904,0,100.0,100.0,1
1.501032328647183,12,0.4030531806995371,0,100.0,100.0,1
1.403163853077204,13,0.43346938331744184,0,100.0,100.0,1
1.6768977044569822,14,0.48369147010624003,0,100.0,100.0,1
1.3499733254368258,15,0.5125242078888458,0,100.0,100.0,1
1.7253357974652404,16,0.5557928640388456,0,100.0,100.0,1
1.5474229148134033,17,0.6028732564684812,0,100.0,100.0,1
1.522983572343361,18,0.6837007650051667,0,100.0,100.0,1
1.585814506439099,19,0.7403322678840404,0,100.0,100.0,1
1.585814506439099,20,0.8165204075317368,0,100.0,100.0,1
1.5296181049975033,21,0.9054562525352797,0,100.0,100.0,1
1.520777138139883,22,,0,100.0,100.0,1
1.366183504089356,23,0.9702779116773748,1,100.0,100.0,1
1.3338986457631203,24,0.9711223111647603,1,100.0,100.0,1
1.3621181314069664,25,0.942113098161755,1,100.0,100.0,1
1.3702574891541066,26,0.8876818988862478,1,100.0,100.0,1
1.3399109156808784,27,0.7922043084240005,1,100.0,100.0,1
1.4707155466062416,28,0.4295323851152277,1,100.0,100.0,1
1.366183504089356,29,0.42329636687628,1,100.0,100.0,1
1.5676523663571995,30,0.31263640952025196,1,100.0,100.0,1
1.2806176813583725,31,0.33004471846025346,1,100.0,100.0,1
1.3179572185931991,32,0.3238248048577445,1,100.0,100.0,1
1.4010906265215493,33,0.33064428454241157,1,100.0,100.0,1
1.3499733254368258,34,0.36197336692651016,1,100.0,100.0,1
1.394884323811819,35,0.3766478674371132,1,100.0,100.0,1
1.468568241251078,36,0.42792123277798044,1,100.0,100.0,1
1.5097827812669435,37,0.4660283055456874,1,100.0,100.0,1
1.6156987913203924,38,0.492622892588131,1,100.0,100.0,1
1.4664233309004546,39,0.5473231883388731,1,100.0,100.0,1
1.8208712258784518,40,0.5902017056504469,1,100.0,100.0,1
1.7674897292440177,41,0.6604891919712174,1,100.0,100.0,1
1.7425815400429612,42,0.7352319930324293,1,100.0,100.0,1
1.6460548132076793,43,0.7890000572398279,1,100.0,100.0,1
1.4451047873484997,44,0.9010552030233366,1,100.0,100.0,1
1.6721203276449925,45,,1,100.0,100.0,1
1.4135636454677651,46,0.982345387435229,2,100.0,100.0,1
1.3866402881031807,47,0.9718670282392821,2,100.0,100.0,1
1.3722977227481734,48,0.9716463676408637,2,100.0,100.0,1
1.3886979861471513,49,0.9754834509270986,2,100.0,100.0,1
1.3580613347706805,50,0.940450155858877,2,100.0,100.0,1
1.3600886633450897,51,0.9226160518275699,2,100.0,100.0,1
1.364149743476783,52,0.9038016782001109,2,100.0,100.0,1
1.4010906265215493,53,0.8039768741473254,2,100.0,100.0,1
1.5296181049975033,54,0.5572114410959595,2,100.0,100.0,1
1.403163853077204,55,0.47153685317294863,2,100.0,100.0,1
1.5653941121796247,56,0.4379093523757589,2,100.0,100.0,1
1.2420807463323673,57,0.26616427866170617,2,100.0,100.0,1
1.3702574891541066,58,0.2614545291516202,2,100.0,100.0,1
1.3804803715390714,59,0.2705876148110466,2,100.0,100.0,1
1.4879808559462406,60,0.2781639003227008,2,100.0,100.0,1
1.4366431050554922,61,0.3284173160940395,2,100.0,100.0,1
1.4451047873484997,62,0.3384240466857535,2,100.0,100.0,1
1.3866402881031807,63,0.3991532824615303,2,100.0,100.0,1
1.643702646569231,64,0.47520889062156746,2,100.0,100.0,1
1.599549570777821,65,0.5487193367850032,2,100.0,100.0,1
1.522983572343361,66,0.6483224004455963,2,100.0,100.0,1
1.5032162118257573,67,0.758419352422588,2,100.0,100.0,1
1.7327079006596113,68,,2,100.0,100.0,1
1.5608855438386005,0,0.9849409019299914,0,100.0,100.0,2
1.5384999042476315,1,0.9819368479058983,0,100.0,100.0,2
1.520777138139883,2,0.9360634089286171,0,100.0,100.0,2
1.4793288254323849,3,0.8468314075672183,0,100.0,100.0,2
1.374340123168899,4,0.7715897492064655,0,100.0,100.0,2
1.2806176813583725,5,0.24624564821885622,0,100.0,100.0,2
1.4261180924660422,6,0.26378301106570007,0,100.0,100.0,2
1.5972535701377262,7,0.24437130785766736,0,100.0,100.0,2
1.3159737997970447,8,0.22842108085589127,0,100.0,100.0,2
1.0811328770279787,9,0.21252052813071168,0,100.0,100.0,2
1.319942685155618,10,0.2652857515800698,0,100.0,100.0,2
1.6343226448566175,11,0.29382996318804727,0,100.0,100.0,2
1.3702574891541066,12,0.32251378910265543,0,100.0,100.0,2
1.5362756057657516,13,0.3379758975075019,0,100.0,100.0,2
1.4219241636103985,14,0.37472392149815514,0,100.0,100.0,2
1.4240199847508959,15,0.38012912216816896,0,100.0,100.0,2
1.477171886333912,16,0.4541404272508003,0,100.0,100.0,2
1.4010906265215493,17,0.4888345808974065,0,100.0,100.0,2
1.321930203717076,18,0.5819065452183398,0,100.0,100.0,2
1.4514755725336224,19,0.6514275048663709,0,100.0,100.0,2
1.477171886333912,20,0.7393282899289008,0,100.0,100.0,2
1.5362756057657516,21,0.8504479775241348,0,100.0,100.0,2
1.6273175467451289,22,,0,100.0,100.0,2
1.477171886333912,23,0.9744150258306895,1,100.0,100.0,2
1.4642808102177682,24,0.9606130951735062,1,100.0,100.0,2
1.4114791828465392,25,0.9128398393896723,1,100.0,100.0,2
1.4557345180562946,26,0.8602541120503212,1,100.0,100.0,2
1.460002916598807,27,0.7476915541977289,1,100.0,100.0,2
1.3621181314069664,28,0.3446212011594957,1,100.0,100.0,2
1.468568241251078,29,0.24529954053090045,1,100.0,100.0,2
1.3560361411775448,30,0.2520833126786655,1,100.0,100.0,2
1.4387550376859133,31,0.23731461349087452,1,100.0,100.0,2
1.3179572185931991,32,0.23380751041163234,1,100.0,100.0,2
1.4408692922013802,33,0.30417923271232783,1,100.0,100.0,2
1.5032162118257573,34,0.2713902088309302,1,100.0,100.0,2
1.4429858737129313,35,0.2964373643893477,1,100.0,100.0,2
1.4514755725336224,36,0.30338014708626304,1,100.0,100.0,2
1.3722977227481734,37,0.3458022969404959,1,100.0,100.0,2
1.394884323811819,38,0.3689821411141304,1,100.0,100.0,2
1.2845141914196214,39,0.44201180893121744,1,100.0,100.0,2
1.63666335953163,40,0.47472098697506726,1,100.0,100.0,2
1.53405387701386,41,0.5424577448591473,1,100.0,100.0,2
1.639006926730505,42,0.6140250446202853,1,100.0,100.0,2
1.5653941121796247,43,0.7004423137431375,1,100.0,100.0,2
1.3499733254368258,44,0.8418023175772047,1,100.0,100.0,2
1.4557345180562946,45,,1,100.0,100.0,2
1.6413533534142115,46,0.9834388764787632,2,100.0,100.0,2
1.5518999941994323,47,0.9715485510484893,2,100.0,100.0,2
1.5518999941994323,48,0.9636955565732037,2,100.0,100.0,2
1.6531286245319483,49,0.9611461996933368,2,100.0,100.0,2
1.6296497453611145,50,0.9186802854708306,2,100.0,100.0,2
1.3907578882927731,51,0.8951151200841453,2,100.0,100.0,2
1.4514755725336224,52,0.8308867166144022,2,100.0,100.0,2
1.3886979861471513,53,0.6898731416150451,2,100.0,100.0,2
1.4324261850896616,54,0.45141930946991554,2,100.0,100.0,2
1.5141729842448377,55,0.40492390007829177,2,100.0,100.0,2
1.3379047364675192,56,0.353329580135479,2,100.0,100.0,2
1.5721768458670988,57,0.22116088774439727,2,100.0,100.0,2
1.394884323811819,58,0.249856351150721,2,100.0,100.0,2
1.249726600887592,59,0.2229289559035494,2,100.0,100.0,2
1.3159737997970447,60,0.2252732604230208,2,100.0,100.0,2
1.321930203717076,61,0.2349838907646634,2,100.0,100.0,2
1.354013078073713,62,0.24380559136160054,2,100.0,100.0,2
1.2806176813583725,63,0.3109589371325491,2,100.0,100.0,2
1.468568241251078,64,0.3771461660290109,2,100.0,100.0,2
1.3120130886378023,65,0.4271037033248811,2,100.0,100.0,2
1.5835348362683437,66,0.5425231485450489,2,100.0,100.0,2
1.5054025778839888,67,0.6451174304366247,2,100.0,100.0,2
1.4219241636103985,68,,2,100.0,100.0,2
1.3928199992669523,0,0.9769672879392287,0,100.0,100.0,3
1.6745075325349703,1,0.9723704897299074,0,100.0,100.0,3
1.374340123168899,2,0.9218281134306517,0,100.0,100.0,3
1.6018483159368282,3,0.7766449470431793,0,100.0,100.0,3
1.5880968822034236,4,0.7265426660980675,0,100.0,100.0,3
1.460002916598807,5,0.24597455094560278,0,100.0,100.0,3
1.624988173061772,6,0.3001192127908588,0,100.0,100.0,3
1.4114791828465392,7,0.24724854980307814,0,100.0,100.0,3
1.6203378731766815,8,0.22445320810444563,0,100.0,100.0,3
1.5699132755029914,9,0.2839639061300636,0,100.0,100.0,3
1.3866402881031807,10,0.29033851203812333,0,100.0,100.0,3
1.492321512359806,11,0.3047223976725619,0,100.0,100.0,3
1.3439295636631272,12,0.30969825344002816,0,100.0,100.0,3
1.4135636454677651,13,0.2922312041297276,0,100.0,100.0,3
1.2287732144266645,14,0.33127856519278503,0,100.0,100.0,3
1.2982144881398365,15,0.32203122450179505,0,100.0,100.0,3
1.3845847894491108,16,0.34926844940916857,0,100.0,100.0,3
1.5251925409979932,17,0.3728435365439536,0,100.0,100.0,3
1.477171886333912,18,0.4317570059896969,0,100.0,100.0,3
1.3439295636631272,19,0.5104519809196134,0,100.0,100.0,3
1.468568241251078,20,0.5814934882327256,0,100.0,100.0,3
1.585814506439099,21,0.7589794089973719,0,100.0,100.0,3
1.8105884250292672,22,,0,100.0,100.0,3
1.522983572343361,23,0.9598781021889301,1,100.0,100.0,3
1.4010906265215493,24,0.9422619248491123,1,100.0,100.0,3
1.3722977227481734,25,0.8694349704207323,1,100.0,100.0,3
1.39695086668479,26,0.7701731147818633,1,100.0,100.0,3
1.3159737997970447,27,0.5957489095165956,1,100.0,100.0,3
1.3682194177939029,28,0.2764026724631805,1,100.0,100.0,3
1.4493496315883396,29,0.23945035109626905,1,100.0,100.0,3
1.374340123168899,30,0.3178644755486868,1,100.0,100.0,3
1.3139924245474657,31,0.3561945922827809,1,100.0,100.0,3
1.4261180924660422,32,0.2695341945393044,1,100.0,100.0,3
1.527404049932943,33,0.2655994086609619,1,100.0,100.0,3
1.4750173637661552,34,0.25263975568941793,1,100.0,100.0,3
1.3519921409813755,35,0.2640866463334142,1,100.0,100.0,3
1.2363662387177572,36,0.2633165093079396,1,100.0,100.0,3
1.321930203717076,37,0.2793545921393027,1,100.0,100.0,3
1.302146852860418,38,0.26827858634080226,1,100.0,100.0,3
1.3560361411775448,39,0.27957173489843007,1,100.0,100.0,3
1.3338986457631203,40,0.3294502772126056,1,100.0,100.0,3
1.4387550376859133,41,0.3899939313900728,1,100.0,100.0,3
1.5163718498698626,42,0.4700615701147479,1,100.0,100.0,3
1.477171886333912,43,0.5615199799576059,1,100.0,100.0,3
1.5518999941994323,44,0.7437298780745715,1,100.0,100.0,3
1.6888933289763435,45,,1,100.0,100.0,3
1.3928199992669523,46,0.97110652995181,2,100.0,100.0,3
1.713111415194469,47,0.9577216638888846,2,100.0,100.0,3
1.3722977227481734,48,0.9397537904882804,2,100.0,100.0,3
1.5032162118257573,49,0.9117116931296365,2,100.0,100.0,3
1.5518999941994323,50,0.8108473638749247,2,100.0,100.0,3
1.527404049932943,51,0.783951962972448,2,100.0,100.0,3
1.2845141914196214,52,0.672958534208432,2,100.0,100.0,3
1.4052393171448294,53,0.5454171783366691,2,100.0,100.0,3
1.3722977227481734,54,0.3126561335798879,2,100.0,100.0,3
1.6273175467451289,55,0.3148388184123903,2,100.0,100.0,3
1.5141729842448377,56,0.2620687994599266,2,100.0,100.0,3
1.376384695023725,57,0.28317476579789963,2,100.0,100.0,3
1.2401740230704938,58,0.34485122164796034,2,100.0,100.0,3
1.321930203717076,59,0.35025003003496163,2,100.0,100.0,3
1.2024312657153544,60,0.35683101933315964,2,100.0,100.0,3
1.2516428237878725,61,0.32647646434505806,2,100.0,100.0,3
1.1838340814324608,62,0.33436548525117604,2,100.0,100.0,3
1.3139924245474657,63,0.2429399284309798,2,100.0,100.0,3
1.5407267784108662,64,0.26749759036979887,2,100.0,100.0,3
1.2268796335124503,65,0.3083937914668993,2,100.0,100.0,3
1.4303211876159831,66,0.3948541589294697,2,100.0,100.0,3
1.4858141962725808,67,0.49360117515933544,2,100.0,100.0,3
1.624988173061772,68,,2,100.0,100.0,3
1.5097827812669435,0,0.9717147242905532,0,100.0,100.0,4
1.7033875516141002,1,0.9482343571333403,0,100.0,100.0,4
1.7179918472916522,2,0.8644452353524431,0,100.0,100.0,4
1.4836499749473357,3,0.672168005316924,0,100.0,100.0,4
1.490149959468906,4,0.5858060048709797,0,100.0,100.0,4
1.4135636454677651,5,0.2523513706669148,0,100.0,100.0,4
1.6226616174757826,6,0.24939945315408268,0,100.0,100.0,4
1.5141729842448377,7,0.28804605695069363,0,100.0,100.0,4
1.53405387701386,8,0.26848085690377654,0,100.0,100.0,4
1.403163853077204,9,0.32079657951360774,0,100.0,100.0,4
1.5296181049975033,10,0.3527852403978141,0,100.0,100.0,4
1.5474229148134033,11,0.2758986167874229,0,100.0,100.0,4
1.4664233309004546,12,0.29573300464473246,0,100.0,100.0,4
1.5163718498698626,13,0.2975412189096384,0,100.0,100.0,4
1.41565036993277,14,0.2942585354335812,0,100.0,100.0,4
1.4177393611555247,15,0.25566856369408725,0,100.0,100.0,4
1.3702574891541066,16,0.38029531660238486,0,100.0,100.0,4
1.3379047364675192,17,0.2764696599205801,0,100.0,100.0,4
1.520777138139883,18,0.3022733262533027,0,100.0,100.0,4
1.472865252320442,19,0.3817034049948795,0,100.0,100.0,4
1.4879808559462406,20,0.4280990708849347,0,100.0,100.0,4
1.4366431050554922,21,0.5976956861224324,0,100.0,100.0,4
1.4303211876159831,22,,0,100.0,100.0,4
1.6413533534142115,23,0.9472680603898809,1,100.0,100.0,4
1.41565036993277,24,0.9129045616445165,1,100.0,100.0,4
1.4324261850896616,25,0.7646891055070038,1,100.0,100.0,4
1.6180169333786454,26,0.6649167764894244,1,100.0,100.0,4
1.5119766299538204,27,0.431224894270237,1,100.0,100.0,4
1.8080262929567057,28,0.14776706428496753,1,100.0,100.0,4
1.4836499749473357,29,0.263326230012749,1,100.0,100.0,4
1.3399109156808784,30,0.265730615454562,1,100.0,100.0,4
1.403163853077204,31,0.270609715917704,1,100.0,100.0,4
1.5903819699911408,32,0.29940760859054,1,100.0,100.0,4
1.4514755725336224,33,0.28710077110463944,1,100.0,100.0,4
1.527404049932943,34,0.24466250786840418,1,100.0,100.0,4
0.9212857541399981,35,0.27544282893317223,1,100.0,100.0,4
1.345942041206419,36,0.2824083425288819,1,100.0,100.0,4
1.3139924245474657,37,0.29302597889349,1,100.0,100.0,4
1.319942685155618,38,0.26283190665662826,1,100.0,100.0,4
1.267041735756529,39,0.2843888839726292,1,100.0,100.0,4
1.2574029755541711,40,0.2957977524624556,1,100.0,100.0,4
1.4303211876159831,41,0.27316291903926265,1,100.0,100.0,4
1.286465411099212,42,0.32418654769768246,1,100.0,100.0,4
1.477171886333912,43,0.403122051626632,1,100.0,100.0,4
1.1617522842730514,44,0.6012266625268995,1,100.0,100.0,4
1.639006926730505,45,,1,100.0,100.0,4
1.4879808559462406,46,0.9618807341969807,2,100.0,100.0,4
1.522983572343361,47,0.9294595221240892,2,100.0,100.0,4
1.4303211876159831,48,0.884180819598844,2,100.0,100.0,4
1.4240199847508959,49,0.8653564617099894,2,100.0,100.0,4
1.549660151631123,50,0.7171109555623889,2,100.0,100.0,4
1.4198306240660332,51,0.5850934325200208,2,100.0,100.0,4
1.5744430837217132,52,0.4861941901578763,2,100.0,100.0,4
1.5141729842448377,53,0.36175639983231356,2,100.0,100.0,4
1.6319847757698847,54,0.19899306721569318,2,100.0,100.0,4
1.660228552130864,55,0.14290943035874132,2,100.0,100.0,4
1.520777138139883,56,0.17458280979341304,2,100.0,100.0,4
1.498850922715449,57,0.2607804119869158,2,100.0,100.0,4
1.5880968822034236,58,0.26890644141342407,2,100.0,100.0,4
1.5631385067421635,59,0.26070522889577863,2,100.0,100.0,4
1.5185732325784405,60,0.26516926959253534,2,100.0,100.0,4
1.4303211876159831,61,0.2702119716083617,2,100.0,100.0,4
1.4093969771710817,62,0.2686457204558357,2,100.0,100.0,4
1.3702574891541066,63,0.26572468526216597,2,100.0,100.0,4
1.3845847894491108,64,0.23885549003436823,2,100.0,100.0,4
1.5880968822034236,65,0.26141061601219856,2,100.0,100.0,4
1.3120130886378023,66,0.2831457240914474,2,100.0,100.0,4
1.5586352172845068,67,0.3726108251842745,2,100.0,100.0,4
1.6507677951122643,68,,2,100.0,100.0,4
1.5586352172845068,0,0.9460519461977586,0,100.0,100.0,5
1.3825314854882846,1,0.9038486670919504,0,100.0,100.0,5
1.522983572343361,2,0.7290504430083328,0,100.0,100.0,5
1.5541424485953406,3,0.5291662547924021,0,100.0,100.0,5
1.5054025778839888,4,0.5134636543653452,0,100.0,100.0,5
1.4642808102177682,5,0.1392350048196845,0,100.0,100.0,5
1.545188277690448,6,0.19590911122245425,0,100.0,100.0,5
1.394884323811819,7,0.18612985245368371,0,100.0,100.0,5
1.990527438200235,8,0.14422517927296516,0,100.0,100.0,5
1.3845847894491108,9,0.15225820114579774,0,100.0,100.0,5
1.5563875209171398,10,0.19012031110038316,0,100.0,100.0,5
1.5767119953612303,11,0.22178457847456146,0,100.0,100.0,5
1.4536038662850965,12,0.24712290964656305,0,100.0,100.0,5
1.4366431050554922,13,0.20929742087044836,0,100.0,100.0,5
1.3479566269904004,14,0.24256362157798353,0,100.0,100.0,5
1.3702574891541066,15,0.20642258733481902,0,100.0,100.0,5
1.2845141914196214,16,0.21113431855212508,0,100.0,100.0,5
1.3359006479459308,17,0.22721455752454156,0,100.0,100.0,5
1.234465170162499,18,0.22092164950380092,0,100.0,100.0,5
1.3001796653733035,19,0.23675732285113343,0,100.0,100.0,5
1.5767119953612303,20,0.33667477341537394,0,100.0,100.0,5
1.5119766299538204,21,0.4741597005929466,0,100.0,100.0,5
1.4707155466062416,22,,0,100.0,100.0,5
1.4578675330780966,23,0.8982724517179626,1,100.0,100.0,5
1.4366431050554922,24,0.839980916782303,1,100.0,100.0,5
1.399019632658637,25,0.6509143412270398,1,100.0,100.0,5
1.472865252320442,26,0.5271454016669541,1,100.0,100.0,5
1.468568241251078,27,0.3209229353024634,1,100.0,100.0,5
1.599549570777821,28,0.1666418641672783,1,100.0,100.0,5
1.5429562342275187,29,0.1855053805624692,1,100.0,100.0,5
1.4073170235592765,30,0.17609656303833335,1,100.0,100.0,5
1.3560361411775448,31,0.1528489757860806,1,100.0,100.0,5
1.5676523663571995,32,0.19453038569378386,1,100.0,100.0,5
1.5563875209171398,33,0.20800790165750235,1,100.0,100.0,5
1.4429858737129313,34,0.28166250351772754,1,100.0,100.0,5
1.2535609579861033,35,0.19872283523940235,1,100.0,100.0,5
1.4858141962725808,36,0.20720025288704086,1,100.0,100.0,5
1.481488186488462,37,0.23265150022728043,1,100.0,100.0,5
1.2325659790634824,38,0.19935841608711527,1,100.0,100.0,5
1.5251925409979932,39,0.1968544607381374,1,100.0,100.0,5
1.660228552130864,40,0.193726292262645,1,100.0,100.0,5
1.5054025778839888,41,0.199638191576706,1,100.0,100.0,5
1.4010906265215493,42,0.2198595713148337,1,100.0,100.0,5
1.5362756057657516,43,0.2796347175511258,1,100.0,100.0,5
1.1672490083055636,44,0.4144819479123346,1,100.0,100.0,5
1.6087610843371178,45,,1,100.0,100.0,5
1.2825649495077733,46,0.9263679302899945,2,100.0,100.0,5
1.4345334892158983,47,0.875868940194456,2,100.0,100.0,5
1.53405387701386,48,0.8156327575864283,2,100.0,100.0,5
1.247812285480081,49,0.7576929425169001,2,100.0,100.0,5
1.331898725579675,50,0.6401662803355006,2,100.0,100.0,5
1.4621406738842355,51,0.45716058308892593,2,100.0,100.0,5
1.4177393611555247,52,0.3653506628202656,2,100.0,100.0,5
1.2631804324282236,53,0.2419531615737952,2,100.0,100.0,5
1.4073170235592765,54,0.11200041875951855,2,100.0,100.0,5
1.5541424485953406,55,0.16183852489767223,2,100.0,100.0,5
1.5880968822034236,56,0.16337614462585612,2,100.0,100.0,5
1.399019632658637,57,0.16353899968061705,2,100.0,100.0,5
1.447226038252987,58,0.18474584155551113,2,100.0,100.0,5
1.9598056766458405,59,0.19118182763021024,2,100.0,100.0,5
1.527404049932943,60,0.18173808325510263,2,100.0,100.0,5
1.6888933289763435,61,0.16032757314004586,2,100.0,100.0,5
1.4366431050554922,62,0.17129701114033935,2,100.0,100.0,5
1.4324261850896616,63,0.17353351206570583,2,100.0,100.0,5
1.4536038662850965,64,0.15318867158011898,2,100.0,100.0,5
1.4451047873484997,65,0.18269850222179193,2,100.0,100.0,5
1.4198306240660332,66,0.19834576613616273,2,100.0,100.0,5
1.4944955201568828,67,0.22831078905419358,2,100.0,100.0,5
1.585814506439099,68,,2,100.0,100.0,5
1.6864882105715475,0,0.9180416073605804,0,100.0,100.0,6
1.7228846965892708,1,0.8449576569349428,0,100.0,100.0,6
1.6745075325349703,2,0.6887756137564256,0,100.0,100.0,6
1.5185732325784405,3,0.4624336209847686,0,100.0,100.0,6
1.4240199847508959,4,0.4020232738542764,0,100.0,100.0,6
1.4514755725336224,5,0.30091501781923163,0,100.0,100.0,6
1.527404049932943,6,0.35107132860139534,0,100.0,100.0,6
1.5631385067421635,7,0.2700597541229253,0,100.0,100.0,6
1.5880968822034236,8,0.411187458829563,0,100.0,100.0,6
1.713111415194469,9,0.2668670690119816,0,100.0,100.0,6
1.3600886633450897,10,0.23262016097335894,0,100.0,100.0,6
1.4261180924660422,11,0.3206144746644389,0,100.0,100.0,6
1.4177393611555247,12,0.23250986746435762,0,100.0,100.0,6
1.549660151631123,13,0.2676188064217047,0,100.0,100.0,6
1.4198306240660332,14,0.25563467999333317,0,100.0,100.0,6
1.5097827812669435,15,0.32002215557743746,0,100.0,100.0,6
1.3179572185931991,16,0.30231781581319417,0,100.0,100.0,6
1.5474229148134033,17,0.26004109868361686,0,100.0,100.0,6
1.3580613347706805,18,0.27074741142650144,0,100.0,100.0,6
1.2942901480290787,19,0.2708249806451312,0,100.0,100.0,6
1.4345334892158983,20,0.2506875259758331,0,100.0,100.0,6
1.5032162118257573,21,0.3253721105195065,0,100.0,100.0,6
2.463734359802047,22,,0,100.0,100.0,6
1.705813911910744,23,0.8275072648255752,1,100.0,100.0,6
1.3299008830697079,24,0.7261626251172519,1,100.0,100.0,6
1.354013078073713,25,0.49715470732688544,1,100.0,100.0,6
1.3399109156808784,26,0.38021872699738346,1,100.0,100.0,6
1.3299008830697079,27,0.23174100910268391,1,100.0,100.0,6
1.5518999941994323,28,0.3924226965766062,1,100.0,100.0,6
1.5789835871023483,29,0.2577135432037979,1,100.0,100.0,6
1.3560361411775448,30,0.45674870620896835,1,100.0,100.0,6
1.4557345180562946,31,0.31617149284258517,1,100.0,100.0,6
1.5474229148134033,32,0.2675663495171944,1,100.0,100.0,6
1.9024838937666257,33,0.3052597584021273,1,100.0,100.0,6
1.7800658593794376,34,0.2078783929180152,1,100.0,100.0,6
1.354013078073713,35,0.42045862637930237,1,100.0,100.0,6
1.5676523663571995,36,0.26538830584025797,1,100.0,100.0,6
1.4557345180562946,37,0.2789767451265085,1,100.0,100.0,6
1.5789835871023483,38,0.2401157584714994,1,100.0,100.0,6
1.481488186488462,39,0.36148995054890365,1,100.0,100.0,6
1.7699983844590355,40,0.25524109267627915,1,100.0,100.0,6
1.5185732325784405,41,0.21042895919201332,1,100.0,100.0,6
1.5653941121796247,42,0.25030828005276234,1,100.0,100.0,6
1.5185732325784405,43,0.2708176602404663,1,100.0,100.0,6
1.594960307470882,44,0.3313727727446868,1,100.0,100.0,6
1.5699132755029914,45,,1,100.0,100.0,6
1.5903819699911408,46,0.8700989706234461,2,100.0,100.0,6
1.3845847894491108,47,0.8117823818057055,2,100.0,100.0,6
1.7179918472916522,48,0.7022106215266666,2,100.0,100.0,6
1.5384999042476315,49,0.6399145480318144,2,100.0,100.0,6
1.4750173637661552,50,0.4396089856591757,2,100.0,100.0,6
1.4514755725336224,51,0.3358092500566613,2,100.0,100.0,6
1.5163718498698626,52,0.2617616128846541,2,100.0,100.0,6
1.5474229148134033,53,0.2152127208634099,2,100.0,100.0,6
1.5699132755029914,54,0.377112155587148,2,100.0,100.0,6
1.6319847757698847,55,0.2969472081949365,2,100.0,100.0,6
1.7033875516141002,56,0.30024211864240863,2,100.0,100.0,6
1.5789835871023483,57,0.23899351287630197,2,100.0,100.0,6
1.7549953077625722,58,0.27310865318500593,2,100.0,100.0,6
1.527404049932943,59,0.21795002750964282,2,100.0,100.0,6
1.5185732325784405,60,0.2897252589644717,2,100.0,100.0,6
1.6626010316725781,61,0.25366304474803747,2,100.0,100.0,6
1.5903819699911408,62,0.3060078208076249,2,100.0,100.0,6
1.6133834402650602,63,0.2325775082555182,2,100.0,100.0,6
1.5835348362683437,64,0.31573435570362357,2,100.0,100.0,6
1.6296497453611145,65,0.3237835612330626,2,100.0,100.0,6
1.592669776255018,66,0.36185981214667395,2,100.0,100.0,6
1.639006926730505,67,0.2648690864992495,2,100.0,100.0,6
1.720436715842555,68,,2,100.0,100.0,6
1.6578589958858516,0,0.8425815298876469,0,100.0,100.0,7
1.5518999941994323,1,0.7051282478313483,0,100.0,100.0,7
1.3259114138339405,2,0.4752444409895569,0,100.0,100.0,7
1.3259114138339405,3,0.30988422526248094,0,100.0,100.0,7
1.4451047873484997,4,0.24965487417612572,0,100.0,100.0,7
1.0654067715684439,5,0.1573848017668057,0,100.0,100.0,7
1.2651101149644186,6,0.2512319184096434,0,100.0,100.0,7
1.2230980561329539,7,0.21833007741734684,0,100.0,100.0,7
1.447226038252987,8,0.25111663349782964,0,100.0,100.0,7
1.5586352172845068,9,0.26613946019409696,0,100.0,100.0,7
1.3239197785234826,10,0.20619826050335896,0,100.0,100.0,7
1.5032162118257573,11,0.26365986479068415,0,100.0,100.0,7
1.4858141962725808,12,0.24463474019238673,0,100.0,100.0,7
1.5812578652841773,13,0.2222650522001948,0,100.0,100.0,7
1.468568241251078,14,0.2152055495007615,0,100.0,100.0,7
1.468568241251078,15,0.21171623907754747,0,100.0,100.0,7
1.5032162118257573,16,0.2167015147158482,0,100.0,100.0,7
1.3845847894491108,17,0.24038219053913268,0,100.0,100.0,7
1.354013078073713,18,0.22614928558761832,0,100.0,100.0,7
1.403163853077204,19,0.25266266844368646,0,100.0,100.0,7
1.403163853077204,20,0.23657399345993083,0,100.0,100.0,7
1.5676523663571995,21,0.22932710270350273,0,100.0,100.0,7
1.7228846965892708,22,,0,100.0,100.0,7
1.5563875209171398,23,0.7283085096343804,1,100.0,100.0,7
1.5767119953612303,24,0.5806749863369257,1,100.0,100.0,7
1.3804803715390714,25,0.3552947325470442,1,100.0,100.0,7
1.4879808559462406,26,0.2761207522984629,1,100.0,100.0,7
1.501032328647183,27,0.21334144891284984,1,100.0,100.0,7
1.520777138139883,28,0.303832989099706,1,100.0,100.0,7
1.501032328647183,29,0.24226964840895157,1,100.0,100.0,7
1.492321512359806,30,0.3433050474607801,1,100.0,100.0,7
1.3845847894491108,31,0.24727542489648688,1,100.0,100.0,7
1.468568241251078,32,0.2742817150623805,1,100.0,100.0,7
1.6041498121839086,33,0.23496961225739907,1,100.0,100.0,7
1.5518999941994323,34,0.28679886010142436,1,100.0,100.0,7
1.4793288254323849,35,0.3040934841004326,1,100.0,100.0,7
1.5384999042476315,36,0.19802798056959034,1,100.0,100.0,7
1.599549570777821,37,0.22726034059941036,1,100.0,100.0,7
1.331898725579675,38,0.2392335329086493,1,100.0,100.0,7
1.5631385067421635,39,0.29110334878005095,1,100.0,100.0,7
1.2845141914196214,40,0.22745070917079369,1,100.0,100.0,7
1.501032328647183,41,0.1928869798684661,1,100.0,100.0,7
1.5812578652841773,42,0.18693820925246474,1,100.0,100.0,7
1.460002916598807,43,0.23272580107081092,1,100.0,100.0,7
1.545188277690448,44,0.24556169151237306,1,100.0,100.0,7
1.527404049932943,45,,1,100.0,100.0,7
1.4366431050554922,46,0.7889006018621298,2,100.0,100.0,7
1.4429858737129313,47,0.715819267488874,2,100.0,100.0,7
1.4135636454677651,48,0.5728336980065224,2,100.0,100.0,7
1.378431442934807,49,0.5105749932526258,2,100.0,100.0,7
1.4429858737129313,50,0.3400922430893082,2,100.0,100.0,7
1.477171886333912,51,0.26256748947683894,2,100.0,100.0,7
1.527404049932943,52,0.21231065081825815,2,100.0,100.0,7
1.5631385067421635,53,0.2089284364611346,2,100.0,100.0,7
1.41565036993277,54,0.23642415466679997,2,100.0,100.0,7
1.5835348362683437,55,0.2563165789774791,2,100.0,100.0,7
1.5972535701377262,56,0.2600285271118829,2,100.0,100.0,7
1.6961267849657014,57,0.26902600841979557,2,100.0,100.0,7
1.5474229148134033,58,0.2634836191669452,2,100.0,100.0,7
1.4966719884168855,59,0.2109405903422374,2,100.0,100.0,7
1.6531286245319483,60,0.22439950630970204,2,100.0,100.0,7
1.364149743476783,61,0.2172987288960921,2,100.0,100.0,7
1.460002916598807,62,0.17909131503888312,2,100.0,100.0,7
1.5541424485953406,63,0.16174759860746812,2,100.0,100.0,7
1.3379047364675192,64,0.19810138432299887,2,100.0,100.0,7
1.374340123168899,65,0.2104793131630706,2,100.0,100.0,7
1.5563875209171398,66,0.20336376441775555,2,100.0,100.0,7
1.4408692922013802,67,0.18502307798611564,2,100.0,100.0,7
1.6343226448566175,68,,2,100.0,100.0,7
1.5563875209171398,0,0.746137004449431,0,100.0,100.0,8
1.2287732144266645,1,0.5985554547802818,0,100.0,100.0,8
1.5119766299538204,2,0.40253101230278054,0,100.0,100.0,8
1.5903819699911408,3,0.23994227425609593,0,100.0,100.0,8
1.3804803715390714,4,0.23706438817959377,0,100.0,100.0,8
1.5362756057657516,5,0.1526097093072696,0,100.0,100.0,8
1.4642808102177682,6,0.20931461606938878,0,100.0,100.0,8
1.5429562342275187,7,0.24367063018904375,0,100.0,100.0,8
1.6087610843371178,8,0.17548691542999575,0,100.0,100.0,8
1.2574029755541711,9,0.1922877739631671,0,100.0,100.0,8
1.013896240641868,10,0.18889649042554177,0,100.0,100.0,8
1.267041735756529,11,0.26201361058384476,0,100.0,100.0,8
1.4858141962725808,12,0.29478525441078296,0,100.0,100.0,8
1.520777138139883,13,0.27098608418308306,0,100.0,100.0,8
1.498850922715449,14,0.2545753282469317,0,100.0,100.0,8
1.937766867948962,15,0.19706592199591824,0,100.0,100.0,8
1.8389995001740735,16,0.14139609248255292,0,100.0,100.0,8
1.4966719884168855,17,0.31812256339984857,0,100.0,100.0,8
1.6133834402650602,18,0.24294533043405359,0,100.0,100.0,8
1.6507677951122643,19,0.23365150840545995,0,100.0,100.0,8
1.813153975207099,20,0.27074836484358994,0,100.0,100.0,8
1.7649843423085043,21,0.2509472063417653,0,100.0,100.0,8
1.5563875209171398,22,,0,100.0,100.0,8
1.39695086668479,23,0.6018408341766224,1,100.0,100.0,8
1.4219241636103985,24,0.44214191294736266,1,100.0,100.0,8
1.4664233309004546,25,0.2597046470138734,1,100.0,100.0,8
1.3580613347706805,26,0.22649523418680603,1,100.0,100.0,8
1.545188277690448,27,0.2201349496253319,1,100.0,100.0,8
1.4642808102177682,28,0.24980607649918574,1,100.0,100.0,8
1.5251925409979932,29,0.19445239856394214,1,100.0,100.0,8
1.4836499749473357,30,0.22893724939183735,1,100.0,100.0,8
1.606454066111838,31,0.18462802429827405,1,100.0,100.0,8
1.5163718498698626,32,0.20794943413152975,1,100.0,100.0,8
1.5676523663571995,33,0.20574970151086375,1,100.0,100.0,8
1.5789835871023483,34,0.21168317662992023,1,100.0,100.0,8
1.5541424485953406,35,0.24082102064867328,1,100.0,100.0,8
1.6110708735000927,36,0.1760909466525555,1,100.0,100.0,8
1.7825909847359305,37,0.2153703195414466,1,100.0,100.0,8
1.549660151631123,38,0.16703525961385957,1,100.0,100.0,8
1.5251925409979932,39,0.19444953301962323,1,100.0,100.0,8
1.63666335953163,40,0.21443888220508844,1,100.0,100.0,8
1.6507677951122643,41,0.29875648368379504,1,100.0,100.0,8
1.7624822151477346,42,0.25913995515540755,1,100.0,100.0,8
1.5251925409979932,43,0.305794796764132,1,100.0,100.0,8
1.4387550376859133,44,0.32776887797608073,1,100.0,100.0,8
1.6888933289763435,45,,1,100.0,100.0,8
1.5721768458670988,46,0.6774298071055009,2,100.0,100.0,8
1.4514755725336224,47,0.5339378205559384,2,100.0,100.0,8
1.3600886633450897,48,0.4145482449780016,2,100.0,100.0,8
1.2982144881398365,49,0.3540142170113938,2,100.0,100.0,8
1.3041160547181214,50,0.19285856607728752,2,100.0,100.0,8
1.5384999042476315,51,0.21202447508658,2,100.0,100.0,8
1.5676523663571995,52,0.2319106071130604,2,100.0,100.0,8
1.5474229148134033,53,0.2189304515799625,2,100.0,100.0,8
1.5518999941994323,54,0.22618803546777888,2,100.0,100.0,8
1.6133834402650602,55,0.2425602671299405,2,100.0,100.0,8
1.5518999941994323,56,0.20950514306455897,2,100.0,100.0,8
1.6937126086069307,57,0.23904191352712206,2,100.0,100.0,8
1.3379047364675192,58,0.20690706095969016,2,100.0,100.0,8
1.7978117643453662,59,0.1575499096827793,2,100.0,100.0,8
1.9024838937666257,60,0.14507198958576756,2,100.0,100.0,8
1.599549570777821,61,0.16059606298837137,2,100.0,100.0,8
1.527404049932943,62,0.10643082024453956,2,100.0,100.0,8
2.139751242152211,63,0.1620209072375348,2,100.0,100.0,8
1.6531286245319483,64,0.1714137232720852,2,100.0,100.0,8
1.7253357974652404,65,0.17515543464658995,2,100.0,100.0,8
1.813153975207099,66,0.17281523444618166,2,100.0,100.0,8
2.3148195638625095,67,0.2584897358816998,2,100.0,100.0,8
1.7927247738931043,68,,2,100.0,100.0,8
