row,col,day,population_id,piperacillin (ug/ml),measurement_type,measurement_value
0,0,0,0|0,0,CFP,8.497
0,1,0,0|1,0,CFP,11.55
0,2,0,0|2,0,CFP,14.04
0,3,0,0|3,0,CFP,16.34
0,4,0,0|4,0,CFP,19.8
0,5,0,0|5,0,CFP,26.82
0,6,0,0|6,0,CFP,27.74
0,7,0,0|7,0,CFP,32.08
0,8,0,0|8,0,CFP,46.49
0,9,0,0|9,0,CFP,48.71
0,10,0,0|10,0,CFP,59.15
0,11,0,0|11,0,CFP,67.89
1,0,0,1|0,2,CFP,8.497
1,1,0,1|1,2,CFP,11.55
1,2,0,1|2,2,CFP,14.04
1,3,0,1|3,2,CFP,16.34
1,4,0,1|4,2,CFP,19.8
1,5,0,1|5,2,CFP,26.82
1,6,0,1|6,2,CFP,27.74
1,7,0,1|7,2,CFP,32.08
1,8,0,1|8,2,CFP,46.49
1,9,0,1|9,2,CFP,48.71
1,10,0,1|10,2,CFP,59.15
1,11,0,1|11,2,CFP,67.89
2,0,0,2|0,5,CFP,8.497
2,1,0,2|1,5,CFP,11.55
2,2,0,2|2,5,CFP,14.04
2,3,0,2|3,5,CFP,16.34
2,4,0,2|4,5,CFP,19.8
2,5,0,2|5,5,CFP,26.82
2,6,0,2|6,5,CFP,27.74
2,7,0,2|7,5,CFP,32.08
2,8,0,2|8,5,CFP,46.49
2,9,0,2|9,5,CFP,48.71
2,10,0,2|10,5,CFP,59.15
2,11,0,2|11,5,CFP,67.89
3,0,0,3|0,20,CFP,8.497
3,1,0,3|1,20,CFP,11.55
3,2,0,3|2,20,CFP,14.04
3,3,0,3|3,20,CFP,16.34
3,4,0,3|4,20,CFP,19.8
3,5,0,3|5,20,CFP,26.82
3,6,0,3|6,20,CFP,27.74
3,7,0,3|7,20,CFP,32.08
3,8,0,3|8,20,CFP,46.49
3,9,0,3|9,20,CFP,48.71
3,10,0,3|10,20,CFP,59.15
3,11,0,3|11,20,CFP,67.89
4,0,0,4|0,50,CFP,8.497
4,1,0,4|1,50,CFP,11.55
4,2,0,4|2,50,CFP,14.04
4,3,0,4|3,50,CFP,16.34
4,4,0,4|4,50,CFP,19.8
4,5,0,4|5,50,CFP,26.82
4,6,0,4|6,50,CFP,27.74
4,7,0,4|7,50,CFP,32.08
4,8,0,4|8,50,CFP,46.49
4,9,0,4|9,50,CFP,48.71
4,10,0,4|10,50,CFP,59.15
4,11,0,4|11,50,CFP,67.89
5,0,0,5|0,100,CFP,8.497
5,1,0,5|1,100,CFP,11.55
5,2,0,5|2,100,CFP,14.04
5,3,0,5|3,100,CFP,16.34
5,4,0,5|4,100,CFP,19.8
5,5,0,5|5,100,CFP,26.82
5,6,0,5|6,100,CFP,27.74
5,7,0,5|7,100,CFP,32.08
5,8,0,5|8,100,CFP,46.49
5,9,0,5|9,100,CFP,48.71
5,10,0,5|10,100,CFP,59.15
5,11,0,5|11,100,CFP,67.89
6,0,0,6|0,200,CFP,8.497
6,1,0,6|1,200,CFP,11.55
6,2,0,6|2,200,CFP,14.04
6,3,0,6|3,200,CFP,16.34
6,4,0,6|4,200,CFP,19.8
6,5,0,6|5,200,CFP,26.82
6,6,0,6|6,200,CFP,27.74
6,7,0,6|7,200,CFP,32.08
6,8,0,6|8,200,CFP,46.49
6,9,0,6|9,200,CFP,48.71
6,10,0,6|10,200,CFP,59.15
6,11,0,6|11,200,CFP,67.89
7,0,0,7|0,1000,CFP,8.497
7,1,0,7|1,1000,CFP,11.55
7,2,0,7|2,1000,CFP,14.04
7,3,0,7|3,1000,CFP,16.34
7,4,0,7|4,1000,CFP,19.8
7,5,0,7|5,1000,CFP,26.82
7,6,0,7|6,1000,CFP,27.74
7,7,0,7|7,1000,CFP,32.08
7,8,0,7|8,1000,CFP,46.49
7,9,0,7|9,1000,CFP,48.71
7,10,0,7|10,1000,CFP,59.15
7,11,0,7|11,1000,CFP,67.89
0,0,0,0|0,0,OD,1.37434012317
0,1,0,0|1,0,OD,1.70581391191
0,2,0,0|2,0,OD,1.76748972924
0,3,0,0|3,0,OD,1.41983062407
0,4,0,0|4,0,OD,1.50978278127
0,5,0,0|5,0,OD,1.69854399582
0,6,0,0|6,0,OD,1.60414981218
0,7,0,0|7,0,OD,1.50759143247
0,8,0,0|8,0,OD,1.95427225096
0,9,0,0|9,0,OD,1.6840860964
0,10,0,0|10,0,OD,1.77754404533
0,11,0,0|11,0,OD,1.67450753253
1,0,0,1|0,2,OD,1.37434012317
1,1,0,1|1,2,OD,1.70581391191
1,2,0,1|2,2,OD,1.76748972924
1,3,0,1|3,2,OD,1.41983062407
1,4,0,1|4,2,OD,1.50978278127
1,5,0,1|5,2,OD,1.69854399582
1,6,0,1|6,2,OD,1.60414981218
1,7,0,1|7,2,OD,1.50759143247
1,8,0,1|8,2,OD,1.95427225096
1,9,0,1|9,2,OD,1.6840860964
1,10,0,1|10,2,OD,1.77754404533
1,11,0,1|11,2,OD,1.67450753253
2,0,0,2|0,5,OD,1.37434012317
2,1,0,2|1,5,OD,1.70581391191
2,2,0,2|2,5,OD,1.76748972924
2,3,0,2|3,5,OD,1.41983062407
2,4,0,2|4,5,OD,1.50978278127
2,5,0,2|5,5,OD,1.69854399582
2,6,0,2|6,5,OD,1.60414981218
2,7,0,2|7,5,OD,1.50759143247
2,8,0,2|8,5,OD,1.95427225096
2,9,0,2|9,5,OD,1.6840860964
2,10,0,2|10,5,OD,1.77754404533
2,11,0,2|11,5,OD,1.67450753253
3,0,0,3|0,20,OD,1.37434012317
3,1,0,3|1,20,OD,1.70581391191
3,2,0,3|2,20,OD,1.76748972924
3,3,0,3|3,20,OD,1.41983062407
3,4,0,3|4,20,OD,1.50978278127
3,5,0,3|5,20,OD,1.69854399582
3,6,0,3|6,20,OD,1.60414981218
3,7,0,3|7,20,OD,1.50759143247
3,8,0,3|8,20,OD,1.95427225096
3,9,0,3|9,20,OD,1.6840860964
3,10,0,3|10,20,OD,1.77754404533
3,11,0,3|11,20,OD,1.67450753253
4,0,0,4|0,50,OD,1.37434012317
4,1,0,4|1,50,OD,1.70581391191
4,2,0,4|2,50,OD,1.76748972924
4,3,0,4|3,50,OD,1.41983062407
4,4,0,4|4,50,OD,1.50978278127
4,5,0,4|5,50,OD,1.69854399582
4,6,0,4|6,50,OD,1.60414981218
4,7,0,4|7,50,OD,1.50759143247
4,8,0,4|8,50,OD,1.95427225096
4,9,0,4|9,50,OD,1.6840860964
4,10,0,4|10,50,OD,1.77754404533
4,11,0,4|11,50,OD,1.67450753253
5,0,0,5|0,100,OD,1.37434012317
5,1,0,5|1,100,OD,1.70581391191
5,2,0,5|2,100,OD,1.76748972924
5,3,0,5|3,100,OD,1.41983062407
5,4,0,5|4,100,OD,1.50978278127
5,5,0,5|5,100,OD,1.69854399582
5,6,0,5|6,100,OD,1.60414981218
5,7,0,5|7,100,OD,1.50759143247
5,8,0,5|8,100,OD,1.95427225096
5,9,0,5|9,100,OD,1.6840860964
5,10,0,5|10,100,OD,1.77754404533
5,11,0,5|11,100,OD,1.67450753253
6,0,0,6|0,200,OD,1.37434012317
6,1,0,6|1,200,OD,1.70581391191
6,2,0,6|2,200,OD,1.76748972924
6,3,0,6|3,200,OD,1.41983062407
6,4,0,6|4,200,OD,1.50978278127
6,5,0,6|5,200,OD,1.69854399582
6,6,0,6|6,200,OD,1.60414981218
6,7,0,6|7,200,OD,1.50759143247
6,8,0,6|8,200,OD,1.95427225096
6,9,0,6|9,200,OD,1.6840860964
6,10,0,6|10,200,OD,1.77754404533
6,11,0,6|11,200,OD,1.67450753253
7,0,0,7|0,1000,OD,1.37434012317
7,1,0,7|1,1000,OD,1.70581391191
7,2,0,7|2,1000,OD,1.76748972924
7,3,0,7|3,1000,OD,1.41983062407
7,4,0,7|4,1000,OD,1.50978278127
7,5,0,7|5,1000,OD,1.69854399582
7,6,0,7|6,1000,OD,1.60414981218
7,7,0,7|7,1000,OD,1.50759143247
7,8,0,7|8,1000,OD,1.95427225096
7,9,0,7|9,1000,OD,1.6840860964
7,10,0,7|10,1000,OD,1.77754404533
7,11,0,7|11,1000,OD,1.67450753253
0,0,0,0|0,0,RFP,0.4027
0,1,0,0|1,0,RFP,12.34
0,2,0,0|2,0,RFP,25.97
0,3,0,0|3,0,RFP,30.77
0,4,0,0|4,0,RFP,43.46
0,5,0,0|5,0,RFP,67.84
0,6,0,0|6,0,RFP,78.86
0,7,0,0|7,0,RFP,94.28
0,8,0,0|8,0,RFP,164.2
0,9,0,0|9,0,RFP,151.4
0,10,0,0|10,0,RFP,196.8
0,11,0,0|11,0,RFP,238.9
1,0,0,1|0,2,RFP,0.4027
1,1,0,1|1,2,RFP,12.34
1,2,0,1|2,2,RFP,25.97
1,3,0,1|3,2,RFP,30.77
1,4,0,1|4,2,RFP,43.46
1,5,0,1|5,2,RFP,67.84
1,6,0,1|6,2,RFP,78.86
1,7,0,1|7,2,RFP,94.28
1,8,0,1|8,2,RFP,164.2
1,9,0,1|9,2,RFP,151.4
1,10,0,1|10,2,RFP,196.8
1,11,0,1|11,2,RFP,238.9
2,0,0,2|0,5,RFP,0.4027
2,1,0,2|1,5,RFP,12.34
2,2,0,2|2,5,RFP,25.97
2,3,0,2|3,5,RFP,30.77
2,4,0,2|4,5,RFP,43.46
2,5,0,2|5,5,RFP,67.84
2,6,0,2|6,5,RFP,78.86
2,7,0,2|7,5,RFP,94.28
2,8,0,2|8,5,RFP,164.2
2,9,0,2|9,5,RFP,151.4
2,10,0,2|10,5,RFP,196.8
2,11,0,2|11,5,RFP,238.9
3,0,0,3|0,20,RFP,0.4027
3,1,0,3|1,20,RFP,12.34
3,2,0,3|2,20,RFP,25.97
3,3,0,3|3,20,RFP,30.77
3,4,0,3|4,20,RFP,43.46
3,5,0,3|5,20,RFP,67.84
3,6,0,3|6,20,RFP,78.86
3,7,0,3|7,20,RFP,94.28
3,8,0,3|8,20,RFP,164.2
3,9,0,3|9,20,RFP,151.4
3,10,0,3|10,20,RFP,196.8
3,11,0,3|11,20,RFP,238.9
4,0,0,4|0,50,RFP,0.4027
4,1,0,4|1,50,RFP,12.34
4,2,0,4|2,50,RFP,25.97
4,3,0,4|3,50,RFP,30.77
4,4,0,4|4,50,RFP,43.46
4,5,0,4|5,50,RFP,67.84
4,6,0,4|6,50,RFP,78.86
4,7,0,4|7,50,RFP,94.28
4,8,0,4|8,50,RFP,164.2
4,9,0,4|9,50,RFP,151.4
4,10,0,4|10,50,RFP,196.8
4,11,0,4|11,50,RFP,238.9
5,0,0,5|0,100,RFP,0.4027
5,1,0,5|1,100,RFP,12.34
5,2,0,5|2,100,RFP,25.97
5,3,0,5|3,100,RFP,30.77
5,4,0,5|4,100,RFP,43.46
5,5,0,5|5,100,RFP,67.84
5,6,0,5|6,100,RFP,78.86
5,7,0,5|7,100,RFP,94.28
5,8,0,5|8,100,RFP,164.2
5,9,0,5|9,100,RFP,151.4
5,10,0,5|10,100,RFP,196.8
5,11,0,5|11,100,RFP,238.9
6,0,0,6|0,200,RFP,0.4027
6,1,0,6|1,200,RFP,12.34
6,2,0,6|2,200,RFP,25.97
6,3,0,6|3,200,RFP,30.77
6,4,0,6|4,200,RFP,43.46
6,5,0,6|5,200,RFP,67.84
6,6,0,6|6,200,RFP,78.86
6,7,0,6|7,200,RFP,94.28
6,8,0,6|8,200,RFP,164.2
6,9,0,6|9,200,RFP,151.4
6,10,0,6|10,200,RFP,196.8
6,11,0,6|11,200,RFP,238.9
7,0,0,7|0,1000,RFP,0.4027
7,1,0,7|1,1000,RFP,12.34
7,2,0,7|2,1000,RFP,25.97
7,3,0,7|3,1000,RFP,30.77
7,4,0,7|4,1000,RFP,43.46
7,5,0,7|5,1000,RFP,67.84
7,6,0,7|6,1000,RFP,78.86
7,7,0,7|7,1000,RFP,94.28
7,8,0,7|8,1000,RFP,164.2
7,9,0,7|9,1000,RFP,151.4
7,10,0,7|10,1000,RFP,196.8
7,11,0,7|11,1000,RFP,238.9
0,0,0,0|0,0,YFP,35.37
0,1,0,0|1,0,YFP,44.42
0,2,0,0|2,0,YFP,43.87
0,3,0,0|3,0,YFP,36.95
0,4,0,0|4,0,YFP,33.49
0,5,0,0|5,0,YFP,37.32
0,6,0,0|6,0,YFP,25.55
0,7,0,0|7,0,YFP,22.78
0,8,0,0|8,0,YFP,23.09
0,9,0,0|9,0,YFP,14.74
0,10,0,0|10,0,YFP,8.585
0,11,0,0|11,0,YFP,1.726
1,0,0,1|0,2,YFP,35.37
1,1,0,1|1,2,YFP,44.42
1,2,0,1|2,2,YFP,43.87
1,3,0,1|3,2,YFP,36.95
1,4,0,1|4,2,YFP,33.49
1,5,0,1|5,2,YFP,37.32
1,6,0,1|6,2,YFP,25.55
1,7,0,1|7,2,YFP,22.78
1,8,0,1|8,2,YFP,23.09
1,9,0,1|9,2,YFP,14.74
1,10,0,1|10,2,YFP,8.585
1,11,0,1|11,2,YFP,1.726
2,0,0,2|0,5,YFP,35.37
2,1,0,2|1,5,YFP,44.42
2,2,0,2|2,5,YFP,43.87
2,3,0,2|3,5,YFP,36.95
2,4,0,2|4,5,YFP,33.49
2,5,0,2|5,5,YFP,37.32
2,6,0,2|6,5,YFP,25.55
2,7,0,2|7,5,YFP,22.78
2,8,0,2|8,5,YFP,23.09
2,9,0,2|9,5,YFP,14.74
2,10,0,2|10,5,YFP,8.585
2,11,0,2|11,5,YFP,1.726
3,0,0,3|0,20,YFP,35.37
3,1,0,3|1,20,YFP,44.42
3,2,0,3|2,20,YFP,43.87
3,3,0,3|3,20,YFP,36.95
3,4,0,3|4,20,YFP,33.49
3,5,0,3|5,20,YFP,37.32
3,6,0,3|6,20,YFP,25.55
3,7,0,3|7,20,YFP,22.78
3,8,0,3|8,20,YFP,23.09
3,9,0,3|9,20,YFP,14.74
3,10,0,3|10,20,YFP,8.585
3,11,0,3|11,20,YFP,1.726
4,0,0,4|0,50,YFP,35.37
4,1,0,4|1,50,YFP,44.42
4,2,0,4|2,50,YFP,43.87
4,3,0,4|3,50,YFP,36.95
4,4,0,4|4,50,YFP,33.49
4,5,0,4|5,50,YFP,37.32
4,6,0,4|6,50,YFP,25.55
4,7,0,4|7,50,YFP,22.78
4,8,0,4|8,50,YFP,23.09
4,9,0,4|9,50,YFP,14.74
4,10,0,4|10,50,YFP,8.585
4,11,0,4|11,50,YFP,1.726
5,0,0,5|0,100,YFP,35.37
5,1,0,5|1,100,YFP,44.42
5,2,0,5|2,100,YFP,43.87
5,3,0,5|3,100,YFP,36.95
5,4,0,5|4,100,YFP,33.49
5,5,0,5|5,100,YFP,37.32
5,6,0,5|6,100,YFP,25.55
5,7,0,5|7,100,YFP,22.78
5,8,0,5|8,100,YFP,23.09
5,9,0,5|9,100,YFP,14.74
5,10,0,5|10,100,YFP,8.585
5,11,0,5|11,100,YFP,1.726
6,0,0,6|0,200,YFP,35.37
6,1,0,6|1,200,YFP,44.42
6,2,0,6|2,200,YFP,43.87
6,3,0,6|3,200,YFP,36.95
6,4,0,6|4,200,YFP,33.49
6,5,0,6|5,200,YFP,37.32
6,6,0,6|6,200,YFP,25.55
6,7,0,6|7,200,YFP,22.78
6,8,0,6|8,200,YFP,23.09
6,9,0,6|9,200,YFP,14.74
6,10,0,6|10,200,YFP,8.585
6,11,0,6|11,200,YFP,1.726
7,0,0,7|0,1000,YFP,35.37
7,1,0,7|1,1000,YFP,44.42
7,2,0,7|2,1000,YFP,43.87
7,3,0,7|3,1000,YFP,36.95
7,4,0,7|4,1000,YFP,33.49
7,5,0,7|5,1000,YFP,37.32
7,6,0,7|6,1000,YFP,25.55
7,7,0,7|7,1000,YFP,22.78
7,8,0,7|8,1000,YFP,23.09
7,9,0,7|9,1000,YFP,14.74
7,10,0,7|10,1000,YFP,8.585
7,11,0,7|11,1000,YFP,1.726
0,0,0,0|0,0,fraction,0.0
0,1,0,0|1,0,fraction,0.0376506024096
0,2,0,0|2,0,fraction,0.0721393034826
0,3,0,0|3,0,fraction,0.10502283105
0,4,0,0|4,0,fraction,0.119565217391
0,5,0,0|5,0,fraction,0.214925373134
0,6,0,0|6,0,fraction,0.241784037559
0,7,0,0|7,0,fraction,0.357740585774
0,8,0,0|8,0,fraction,0.419607843137
0,9,0,0|9,0,fraction,0.609375
0,10,0,0|10,0,fraction,0.757478632479
0,11,0,0|11,0,fraction,0.996296296296
1,0,0,1|0,2,fraction,0.0
1,1,0,1|1,2,fraction,0.0376506024096
1,2,0,1|2,2,fraction,0.0721393034826
1,3,0,1|3,2,fraction,0.10502283105
1,4,0,1|4,2,fraction,0.119565217391
1,5,0,1|5,2,fraction,0.214925373134
1,6,0,1|6,2,fraction,0.241784037559
1,7,0,1|7,2,fraction,0.357740585774
1,8,0,1|8,2,fraction,0.419607843137
1,9,0,1|9,2,fraction,0.609375
1,10,0,1|10,2,fraction,0.757478632479
1,11,0,1|11,2,fraction,0.996296296296
2,0,0,2|0,5,fraction,0.0
2,1,0,2|1,5,fraction,0.0376506024096
2,2,0,2|2,5,fraction,0.0721393034826
2,3,0,2|3,5,fraction,0.10502283105
2,4,0,2|4,5,fraction,0.119565217391
2,5,0,2|5,5,fraction,0.214925373134
2,6,0,2|6,5,fraction,0.241784037559
2,7,0,2|7,5,fraction,0.357740585774
2,8,0,2|8,5,fraction,0.419607843137
2,9,0,2|9,5,fraction,0.609375
2,10,0,2|10,5,fraction,0.757478632479
2,11,0,2|11,5,fraction,0.996296296296
3,0,0,3|0,20,fraction,0.0
3,1,0,3|1,20,fraction,0.0376506024096
3,2,0,3|2,20,fraction,0.0721393034826
3,3,0,3|3,20,fraction,0.10502283105
3,4,0,3|4,20,fraction,0.119565217391
3,5,0,3|5,20,fraction,0.214925373134
3,6,0,3|6,20,fraction,0.241784037559
3,7,0,3|7,20,fraction,0.357740585774
3,8,0,3|8,20,fraction,0.419607843137
3,9,0,3|9,20,fraction,0.609375
3,10,0,3|10,20,fraction,0.757478632479
3,11,0,3|11,20,fraction,0.996296296296
4,0,0,4|0,50,fraction,0.0
4,1,0,4|1,50,fraction,0.0376506024096
4,2,0,4|2,50,fraction,0.0721393034826
4,3,0,4|3,50,fraction,0.10502283105
4,4,0,4|4,50,fraction,0.119565217391
4,5,0,4|5,50,fraction,0.214925373134
4,6,0,4|6,50,fraction,0.241784037559
4,7,0,4|7,50,fraction,0.357740585774
4,8,0,4|8,50,fraction,0.419607843137
4,9,0,4|9,50,fraction,0.609375
4,10,0,4|10,50,fraction,0.757478632479
4,11,0,4|11,50,fraction,0.996296296296
5,0,0,5|0,100,fraction,0.0
5,1,0,5|1,100,fraction,0.0376506024096
5,2,0,5|2,100,fraction,0.0721393034826
5,3,0,5|3,100,fraction,0.10502283105
5,4,0,5|4,100,fraction,0.119565217391
5,5,0,5|5,100,fraction,0.214925373134
5,6,0,5|6,100,fraction,0.241784037559
5,7,0,5|7,100,fraction,0.357740585774
5,8,0,5|8,100,fraction,0.419607843137
5,9,0,5|9,100,fraction,0.609375
5,10,0,5|10,100,fraction,0.757478632479
5,11,0,5|11,100,fraction,0.996296296296
6,0,0,6|0,200,fraction,0.0
6,1,0,6|1,200,fraction,0.0376506024096
6,2,0,6|2,200,fraction,0.0721393034826
6,3,0,6|3,200,fraction,0.10502283105
6,4,0,6|4,200,fraction,0.119565217391
6,5,0,6|5,200,fraction,0.214925373134
6,6,0,6|6,200,fraction,0.241784037559
6,7,0,6|7,200,fraction,0.357740585774
6,8,0,6|8,200,fraction,0.419607843137
6,9,0,6|9,200,fraction,0.609375
6,10,0,6|10,200,fraction,0.757478632479
6,11,0,6|11,200,fraction,0.996296296296
7,0,0,7|0,1000,fraction,0.0
7,1,0,7|1,1000,fraction,0.0376506024096
7,2,0,7|2,1000,fraction,0.0721393034826
7,3,0,7|3,1000,fraction,0.10502283105
7,4,0,7|4,1000,fraction,0.119565217391
7,5,0,7|5,1000,fraction,0.214925373134
7,6,0,7|6,1000,fraction,0.241784037559
7,7,0,7|7,1000,fraction,0.357740585774
7,8,0,7|8,1000,fraction,0.419607843137
7,9,0,7|9,1000,fraction,0.609375
7,10,0,7|10,1000,fraction,0.757478632479
7,11,0,7|11,1000,fraction,0.996296296296
0,0,1,0|0,0,CFP,7.158
0,1,1,0|1,0,CFP,8.849
0,2,1,0|2,0,CFP,9.977
0,3,1,0|3,0,CFP,12.52
0,4,1,0|4,0,CFP,14.43
0,5,1,0|5,0,CFP,17.99
0,6,1,0|6,0,CFP,17.59
0,7,1,0|7,0,CFP,24.94
0,8,1,0|8,0,CFP,27.92
0,9,1,0|9,0,CFP,36.23
0,10,1,0|10,0,CFP,43.53
0,11,1,0|11,0,CFP,62.63
1,0,1,1|0,2,CFP,10.65
1,1,1,1|1,2,CFP,12.7
1,2,1,1|2,2,CFP,9.716
1,3,1,1|3,2,CFP,10.7
1,4,1,1|4,2,CFP,12.84
1,5,1,1|5,2,CFP,15.76
1,6,1,1|6,2,CFP,18.33
1,7,1,1|7,2,CFP,22.48
1,8,1,1|8,2,CFP,25.47
1,9,1,1|9,2,CFP,32.94
1,10,1,1|10,2,CFP,40.81
1,11,1,1|11,2,CFP,54.06
2,0,1,2|0,5,CFP,9.43
2,1,1,2|1,5,CFP,41.29
2,2,1,2|2,5,CFP,11.7
2,3,1,2|3,5,CFP,11.99
2,4,1,2|4,5,CFP,12.71
2,5,1,2|5,5,CFP,16.13
2,6,1,2|6,5,CFP,18.76
2,7,1,2|7,5,CFP,22.05
2,8,1,2|8,5,CFP,25.08
2,9,1,2|9,5,CFP,33.06
2,10,1,2|10,5,CFP,42.25
2,11,1,2|11,5,CFP,61.88
3,0,1,3|0,20,CFP,9.133
3,1,1,3|1,20,CFP,45.62
3,2,1,3|2,20,CFP,43.93
3,3,1,3|3,20,CFP,14.64
3,4,1,3|4,20,CFP,13.77
3,5,1,3|5,20,CFP,14.51
3,6,1,3|6,20,CFP,18.19
3,7,1,3|7,20,CFP,21.71
3,8,1,3|8,20,CFP,27.35
3,9,1,3|9,20,CFP,34.24
3,10,1,3|10,20,CFP,41.02
3,11,1,3|11,20,CFP,55.87
4,0,1,4|0,50,CFP,8.926
4,1,1,4|1,50,CFP,47.42
4,2,1,4|2,50,CFP,42.31
4,3,1,4|3,50,CFP,42.15
4,4,1,4|4,50,CFP,18.35
4,5,1,4|5,50,CFP,15.09
4,6,1,4|6,50,CFP,18.25
4,7,1,4|7,50,CFP,22.58
4,8,1,4|8,50,CFP,26.35
4,9,1,4|9,50,CFP,34.14
4,10,1,4|10,50,CFP,41.29
4,11,1,4|11,50,CFP,55.0
5,0,1,5|0,100,CFP,10.46
5,1,1,5|1,100,CFP,43.05
5,2,1,5|2,100,CFP,48.46
5,3,1,5|3,100,CFP,50.99
5,4,1,5|4,100,CFP,44.56
5,5,1,5|5,100,CFP,37.58
5,6,1,5|6,100,CFP,19.11
5,7,1,5|7,100,CFP,22.29
5,8,1,5|8,100,CFP,27.73
5,9,1,5|9,100,CFP,35.89
5,10,1,5|10,100,CFP,44.48
5,11,1,5|11,100,CFP,55.72
6,0,1,6|0,200,CFP,10.04
6,1,1,6|1,200,CFP,29.62
6,2,1,6|2,200,CFP,30.93
6,3,1,6|3,200,CFP,34.73
6,4,1,6|4,200,CFP,41.63
6,5,1,6|5,200,CFP,51.2
6,6,1,6|6,200,CFP,44.13
6,7,1,6|7,200,CFP,32.56
6,8,1,6|8,200,CFP,24.89
6,9,1,6|9,200,CFP,32.48
6,10,1,6|10,200,CFP,44.21
6,11,1,6|11,200,CFP,57.26
7,0,1,7|0,1000,CFP,9.983
7,1,1,7|1,1000,CFP,10.99
7,2,1,7|2,1000,CFP,21.67
7,3,1,7|3,1000,CFP,25.82
7,4,1,7|4,1000,CFP,29.25
7,5,1,7|5,1000,CFP,32.09
7,6,1,7|6,1000,CFP,35.3
7,7,1,7|7,1000,CFP,42.37
7,8,1,7|8,1000,CFP,42.69
7,9,1,7|9,1000,CFP,40.87
7,10,1,7|10,1000,CFP,44.82
7,11,1,7|11,1000,CFP,53.04
0,0,1,0|0,0,OD,0.857763718987
0,1,1,0|1,0,OD,1.06192947735
0,2,1,0|2,0,OD,1.36008866335
0,3,1,0|3,0,OD,1.30214685286
0,4,1,0|4,0,OD,1.39488432381
0,5,1,0|5,0,OD,1.47932882543
0,6,1,0|6,0,OD,1.18383408143
0,7,1,0|7,0,OD,1.4664233309
0,8,1,0|8,0,OD,1.38458478945
0,9,1,0|9,0,OD,1.525192541
0,10,1,0|10,0,OD,1.42821849175
0,11,1,0|11,0,OD,1.50978278127
1,0,1,1|0,2,OD,0.0140512086842
1,1,1,1|1,2,OD,1.54966015163
1,2,1,1|2,2,OD,1.37229772275
1,3,1,1|3,2,OD,1.34191918995
1,4,1,1|4,2,OD,1.58581450644
1,5,1,1|5,2,OD,1.54295623423
1,6,1,1|6,2,OD,1.64135335341
1,7,1,1|7,2,OD,1.59725357014
1,8,1,1|8,2,OD,1.46856824125
1,9,1,1|9,2,OD,1.54742291481
1,10,1,1|10,2,OD,1.525192541
1,11,1,1|11,2,OD,1.51857323258
2,0,1,2|0,5,OD,0.0953239749394
2,1,1,2|1,5,OD,1.44298587371
2,2,1,2|2,5,OD,1.529618105
2,3,1,2|3,5,OD,1.68168697896
2,4,1,2|4,5,OD,1.45573451806
2,5,1,2|5,5,OD,1.71555008303
2,6,1,2|6,5,OD,1.67212032764
2,7,1,2|7,5,OD,1.69854399582
2,8,1,2|8,5,OD,1.49885092272
2,9,1,2|9,5,OD,1.69130145914
2,10,1,2|10,5,OD,1.62731754675
2,11,1,2|11,5,OD,1.65549235574
3,0,1,3|0,20,OD,0.0796259578051
3,1,1,3|1,20,OD,1.65785899589
3,2,1,3|2,20,OD,1.65076779511
3,3,1,3|3,20,OD,1.54072677841
3,4,1,3|4,20,OD,1.61801693338
3,5,1,3|5,20,OD,1.66022855213
3,6,1,3|6,20,OD,1.70338755161
3,7,1,3|7,20,OD,1.47501736377
3,8,1,3|8,20,OD,1.76999838446
3,9,1,3|9,20,OD,1.75499530776
3,10,1,3|10,20,OD,1.62498817306
3,11,1,3|11,20,OD,1.46428081022
4,0,1,4|0,50,OD,0.0858897959734
4,1,1,4|1,50,OD,1.62964974536
4,2,1,4|2,50,OD,1.44722603825
4,3,1,4|3,50,OD,1.68889332898
4,4,1,4|4,50,OD,1.62266161748
4,5,1,4|5,50,OD,1.57217684587
4,6,1,4|6,50,OD,1.66735478956
4,7,1,4|7,50,OD,1.79526658708
4,8,1,4|8,50,OD,1.80291224678
4,9,1,4|9,50,OD,1.73270790066
4,10,1,4|10,50,OD,1.68889332898
4,11,1,4|11,50,OD,1.48798085595
5,0,1,5|0,100,OD,0.0343041502498
5,1,1,5|1,100,OD,1.56765236636
5,2,1,5|2,100,OD,1.70338755161
5,3,1,5|3,100,OD,1.71799184729
5,4,1,5|4,100,OD,1.64135335341
5,5,1,5|5,100,OD,1.70338755161
5,6,1,5|6,100,OD,1.59496030747
5,7,1,5|7,100,OD,1.65549235574
5,8,1,5|8,100,OD,1.70581391191
5,9,1,5|9,100,OD,1.73270790066
5,10,1,5|10,100,OD,1.65549235574
5,11,1,5|11,100,OD,1.50321621183
6,0,1,6|0,200,OD,0.0817116377326
6,1,1,6|1,200,OD,1.5541424486
6,2,1,6|2,200,OD,1.56088554384
6,3,1,6|3,200,OD,1.58353483627
6,4,1,6|4,200,OD,1.70096424882
6,5,1,6|5,200,OD,1.71311141519
6,6,1,6|6,200,OD,1.53627560577
6,7,1,6|7,200,OD,1.59266977626
6,8,1,6|8,200,OD,1.53183471206
6,9,1,6|9,200,OD,1.61801693338
6,10,1,6|10,200,OD,1.75250613531
6,11,1,6|11,200,OD,1.49449552016
7,0,1,7|0,1000,OD,-0.0
7,1,1,7|1,1000,OD,1.37434012317
7,2,1,7|2,1000,OD,1.48798085595
7,3,1,7|3,1000,OD,1.64605481321
7,4,1,7|4,1000,OD,1.42401998475
7,5,1,7|5,1000,OD,1.44722603825
7,6,1,7|6,1000,OD,1.39695086668
7,7,1,7|7,1000,OD,1.50321621183
7,8,1,7|8,1000,OD,1.54518827769
7,9,1,7|9,1000,OD,1.45360386629
7,10,1,7|10,1000,OD,1.61338344027
7,11,1,7|11,1000,OD,1.33790473647
0,0,1,0|0,0,RFP,0.2985
0,1,1,0|1,0,RFP,4.424
0,2,1,0|2,0,RFP,9.975
0,3,1,0|3,0,RFP,16.96
0,4,1,0|4,0,RFP,25.95
0,5,1,0|5,0,RFP,37.1
0,6,1,0|6,0,RFP,33.44
0,7,1,0|7,0,RFP,63.12
0,8,1,0|8,0,RFP,69.93
0,9,1,0|9,0,RFP,100.6
0,10,1,0|10,0,RFP,123.1
0,11,1,0|11,0,RFP,176.3
1,0,1,1|0,2,RFP,0.08674
1,1,1,1|1,2,RFP,16.04
1,2,1,1|2,2,RFP,7.843
1,3,1,1|3,2,RFP,14.26
1,4,1,1|4,2,RFP,24.45
1,5,1,1|5,2,RFP,30.38
1,6,1,1|6,2,RFP,44.21
1,7,1,1|7,2,RFP,50.92
1,8,1,1|8,2,RFP,63.01
1,9,1,1|9,2,RFP,92.76
1,10,1,1|10,2,RFP,118.3
1,11,1,1|11,2,RFP,156.9
2,0,1,2|0,5,RFP,0.2458
2,1,1,2|1,5,RFP,127.3
2,2,1,2|2,5,RFP,15.98
2,3,1,2|3,5,RFP,15.08
2,4,1,2|4,5,RFP,18.86
2,5,1,2|5,5,RFP,30.66
2,6,1,2|6,5,RFP,44.56
2,7,1,2|7,5,RFP,49.32
2,8,1,2|8,5,RFP,59.34
2,9,1,2|9,5,RFP,86.85
2,10,1,2|10,5,RFP,122.7
2,11,1,2|11,5,RFP,179.8
3,0,1,3|0,20,RFP,0.6533
3,1,1,3|1,20,RFP,139.1
3,2,1,3|2,20,RFP,136.5
3,3,1,3|3,20,RFP,30.18
3,4,1,3|4,20,RFP,21.17
3,5,1,3|5,20,RFP,26.22
3,6,1,3|6,20,RFP,41.42
3,7,1,3|7,20,RFP,51.92
3,8,1,3|8,20,RFP,73.75
3,9,1,3|9,20,RFP,90.87
3,10,1,3|10,20,RFP,112.8
3,11,1,3|11,20,RFP,163.3
4,0,1,4|0,50,RFP,0.7987
4,1,1,4|1,50,RFP,138.0
4,2,1,4|2,50,RFP,131.6
4,3,1,4|3,50,RFP,118.4
4,4,1,4|4,50,RFP,43.43
4,5,1,4|5,50,RFP,31.37
4,6,1,4|6,50,RFP,37.8
4,7,1,4|7,50,RFP,54.55
4,8,1,4|8,50,RFP,73.19
4,9,1,4|9,50,RFP,90.66
4,10,1,4|10,50,RFP,116.3
4,11,1,4|11,50,RFP,169.8
5,0,1,5|0,100,RFP,0.3192
5,1,1,5|1,100,RFP,128.0
5,2,1,5|2,100,RFP,149.3
5,3,1,5|3,100,RFP,140.4
5,4,1,5|4,100,RFP,141.7
5,5,1,5|5,100,RFP,114.4
5,6,1,5|6,100,RFP,47.92
5,7,1,5|7,100,RFP,52.76
5,8,1,5|8,100,RFP,68.26
5,9,1,5|9,100,RFP,86.77
5,10,1,5|10,100,RFP,118.4
5,11,1,5|11,100,RFP,166.8
6,0,1,6|0,200,RFP,0.04173
6,1,1,6|1,200,RFP,92.16
6,2,1,6|2,200,RFP,90.48
6,3,1,6|3,200,RFP,112.7
6,4,1,6|4,200,RFP,142.3
6,5,1,6|5,200,RFP,148.2
6,6,1,6|6,200,RFP,125.8
6,7,1,6|7,200,RFP,89.39
6,8,1,6|8,200,RFP,64.66
6,9,1,6|9,200,RFP,89.15
6,10,1,6|10,200,RFP,123.4
6,11,1,6|11,200,RFP,168.1
7,0,1,7|0,1000,RFP,0.4826
7,1,1,7|1,1000,RFP,14.82
7,2,1,7|2,1000,RFP,50.66
7,3,1,7|3,1000,RFP,69.22
7,4,1,7|4,1000,RFP,86.46
7,5,1,7|5,1000,RFP,96.57
7,6,1,7|6,1000,RFP,112.3
7,7,1,7|7,1000,RFP,123.6
7,8,1,7|8,1000,RFP,122.3
7,9,1,7|9,1000,RFP,115.8
7,10,1,7|10,1000,RFP,123.3
7,11,1,7|11,1000,RFP,156.2
0,0,1,0|0,0,YFP,33.69
0,1,1,0|1,0,YFP,33.02
0,2,1,0|2,0,YFP,33.75
0,3,1,0|3,0,YFP,33.51
0,4,1,0|4,0,YFP,31.97
0,5,1,0|5,0,YFP,29.99
0,6,1,0|6,0,YFP,25.05
0,7,1,0|7,0,YFP,27.21
0,8,1,0|8,0,YFP,22.59
0,9,1,0|9,0,YFP,17.05
0,10,1,0|10,0,YFP,11.12
0,11,1,0|11,0,YFP,1.898
1,0,1,1|0,2,YFP,4.483
1,1,1,1|1,2,YFP,38.15
1,2,1,1|2,2,YFP,32.21
1,3,1,1|3,2,YFP,30.75
1,4,1,1|4,2,YFP,33.13
1,5,1,1|5,2,YFP,30.44
1,6,1,1|6,2,YFP,30.51
1,7,1,1|7,2,YFP,25.58
1,8,1,1|8,2,YFP,22.67
1,9,1,1|9,2,YFP,17.34
1,10,1,1|10,2,YFP,11.14
1,11,1,1|11,2,YFP,1.335
2,0,1,2|0,5,YFP,4.109
2,1,1,2|1,5,YFP,4.65
2,2,1,2|2,5,YFP,31.9
2,3,1,2|3,5,YFP,33.99
2,4,1,2|4,5,YFP,31.79
2,5,1,2|5,5,YFP,32.16
2,6,1,2|6,5,YFP,28.39
2,7,1,2|7,5,YFP,28.28
2,8,1,2|8,5,YFP,22.76
2,9,1,2|9,5,YFP,18.55
2,10,1,2|10,5,YFP,11.33
2,11,1,2|11,5,YFP,1.616
3,0,1,3|0,20,YFP,4.685
3,1,1,3|1,20,YFP,3.319
3,2,1,3|2,20,YFP,5.096
3,3,1,3|3,20,YFP,29.66
3,4,1,3|4,20,YFP,31.23
3,5,1,3|5,20,YFP,33.49
3,6,1,3|6,20,YFP,29.8
3,7,1,3|7,20,YFP,25.44
3,8,1,3|8,20,YFP,23.78
3,9,1,3|9,20,YFP,17.96
3,10,1,3|10,20,YFP,11.32
3,11,1,3|11,20,YFP,1.407
4,0,1,4|0,50,YFP,3.53
4,1,1,4|1,50,YFP,3.04
4,2,1,4|2,50,YFP,3.877
4,3,1,4|3,50,YFP,6.757
4,4,1,4|4,50,YFP,28.38
4,5,1,4|5,50,YFP,29.58
4,6,1,4|6,50,YFP,28.72
4,7,1,4|7,50,YFP,27.09
4,8,1,4|8,50,YFP,23.61
4,9,1,4|9,50,YFP,20.16
4,10,1,4|10,50,YFP,11.88
4,11,1,4|11,50,YFP,1.588
5,0,1,5|0,100,YFP,3.383
5,1,1,5|1,100,YFP,3.156
5,2,1,5|2,100,YFP,3.073
5,3,1,5|3,100,YFP,3.549
5,4,1,5|4,100,YFP,4.789
5,5,1,5|5,100,YFP,12.45
5,6,1,5|6,100,YFP,25.82
5,7,1,5|7,100,YFP,24.42
5,8,1,5|8,100,YFP,25.68
5,9,1,5|9,100,YFP,18.12
5,10,1,5|10,100,YFP,10.82
5,11,1,5|11,100,YFP,1.242
6,0,1,6|0,200,YFP,3.39
6,1,1,6|1,200,YFP,14.15
6,2,1,6|2,200,YFP,10.64
6,3,1,6|3,200,YFP,8.913
6,4,1,6|4,200,YFP,6.092
6,5,1,6|5,200,YFP,4.774
6,6,1,6|6,200,YFP,7.219
6,7,1,6|7,200,YFP,16.09
6,8,1,6|8,200,YFP,22.08
6,9,1,6|9,200,YFP,16.66
6,10,1,6|10,200,YFP,12.54
6,11,1,6|11,200,YFP,1.515
7,0,1,7|0,1000,YFP,1.883
7,1,1,7|1,1000,YFP,31.41
7,2,1,7|2,1000,YFP,23.61
7,3,1,7|3,1000,YFP,22.39
7,4,1,7|4,1000,YFP,15.02
7,5,1,7|5,1000,YFP,10.72
7,6,1,7|6,1000,YFP,7.296
7,7,1,7|7,1000,YFP,4.467
7,8,1,7|8,1000,YFP,4.803
7,9,1,7|9,1000,YFP,4.442
7,10,1,7|10,1000,YFP,4.93
7,11,1,7|11,1000,YFP,1.612
0,0,1,0|0,0,fraction,0.000225733634312
0,1,1,0|1,0,fraction,0.020708697653
0,2,1,0|2,0,fraction,0.045329038196
0,3,1,0|3,0,fraction,0.0808057420699
0,4,1,0|4,0,fraction,0.118872291185
0,5,1,0|5,0,fraction,0.160357212192
0,6,1,0|6,0,fraction,0.208923375364
0,7,1,0|7,0,fraction,0.276054590571
0,8,1,0|8,0,fraction,0.339559208069
0,9,1,0|9,0,fraction,0.494426094137
0,10,1,0|10,0,fraction,0.658126837463
0,11,1,0|11,0,fraction,0.998185849627
1,0,1,1|0,2,fraction,0.0135135135135
1,1,1,1|1,2,fraction,0.0901298701299
1,2,1,1|2,2,fraction,0.034537968893
1,3,1,1|3,2,fraction,0.0783176214648
1,4,1,1|4,2,fraction,0.0973574408901
1,5,1,1|5,2,fraction,0.134776844896
1,6,1,1|6,2,fraction,0.212658738158
1,7,1,1|7,2,fraction,0.272586573805
1,8,1,1|8,2,fraction,0.320245163762
1,9,1,1|9,2,fraction,0.489509179468
1,10,1,1|10,2,fraction,0.666600039976
1,11,1,1|11,2,fraction,0.998380566802
2,0,1,2|0,5,fraction,0.0333333333333
2,1,1,2|1,5,fraction,0.887278106509
2,2,1,2|2,5,fraction,0.0785251899803
2,3,1,2|3,5,fraction,0.0750187546887
2,4,1,2|4,5,fraction,0.102238633741
2,5,1,2|5,5,fraction,0.135893011217
2,6,1,2|6,5,fraction,0.192791282481
2,7,1,2|7,5,fraction,0.240188679245
2,8,1,2|8,5,fraction,0.321069561721
2,9,1,2|9,5,fraction,0.454809367138
2,10,1,2|10,5,fraction,0.657826520439
2,11,1,2|11,5,fraction,0.998718770019
3,0,1,3|0,20,fraction,0.0243902439024
3,1,1,3|1,20,fraction,0.939864209505
3,2,1,3|2,20,fraction,0.845354330709
3,3,1,3|3,20,fraction,0.141823818135
3,4,1,3|4,20,fraction,0.0912264370491
3,5,1,3|5,20,fraction,0.112555066079
3,6,1,3|6,20,fraction,0.187443744374
3,7,1,3|7,20,fraction,0.269632319564
3,8,1,3|8,20,fraction,0.317204301075
3,9,1,3|9,20,fraction,0.454032957502
3,10,1,3|10,20,fraction,0.631379962193
3,11,1,3|11,20,fraction,0.998133457769
4,0,1,4|0,50,fraction,0.117647058824
4,1,1,4|1,50,fraction,0.981887511916
4,2,1,4|2,50,fraction,0.956078209124
4,3,1,4|3,50,fraction,0.795344077769
4,4,1,4|4,50,fraction,0.199285873689
4,5,1,4|5,50,fraction,0.144133822181
4,6,1,4|6,50,fraction,0.165127280919
4,7,1,4|7,50,fraction,0.242818764207
4,8,1,4|8,50,fraction,0.33943570967
4,9,1,4|9,50,fraction,0.475016223232
4,10,1,4|10,50,fraction,0.656449553001
4,11,1,4|11,50,fraction,0.999298573767
5,0,1,5|0,100,fraction,0.0
5,1,1,5|1,100,fraction,0.943685438187
5,2,1,5|2,100,fraction,0.981620405101
5,3,1,5|3,100,fraction,0.960129310345
5,4,1,5|4,100,fraction,0.891801280098
5,5,1,5|5,100,fraction,0.57455654102
5,6,1,5|6,100,fraction,0.228867799603
5,7,1,5|7,100,fraction,0.240825137923
5,8,1,5|8,100,fraction,0.3264781491
5,9,1,5|9,100,fraction,0.46010521701
5,10,1,5|10,100,fraction,0.667326172979
5,11,1,5|11,100,fraction,0.998847129352
6,0,1,6|0,200,fraction,0.0
6,1,1,6|1,200,fraction,0.621536523929
6,2,1,6|2,200,fraction,0.657924421884
6,3,1,6|3,200,fraction,0.734588106929
6,4,1,6|4,200,fraction,0.83039348711
6,5,1,6|5,200,fraction,0.884258096912
6,6,1,6|6,200,fraction,0.787807737397
6,7,1,6|7,200,fraction,0.447646103896
6,8,1,6|8,200,fraction,0.353133292509
6,9,1,6|9,200,fraction,0.45967110415
6,10,1,6|10,200,fraction,0.656041352574
6,11,1,6|11,200,fraction,0.999338624339
7,0,1,7|0,1000,fraction,0.0
7,1,1,7|1,1000,fraction,0.0912719531666
7,2,1,7|2,1000,fraction,0.410483484921
7,3,1,7|3,1000,fraction,0.478779208393
7,4,1,7|4,1000,fraction,0.612244897959
7,5,1,7|5,1000,fraction,0.744918472191
7,6,1,7|6,1000,fraction,0.854827343199
7,7,1,7|7,1000,fraction,0.940832395951
7,8,1,7|8,1000,fraction,0.890279329609
7,9,1,7|9,1000,fraction,0.896404109589
7,10,1,7|10,1000,fraction,0.899570815451
7,11,1,7|11,1000,fraction,0.997980251346
